geometry,Longitude,Latitude,Dissolved oxygen (mg/L),Potential of Hydrogen (pH),Total Dissolved Solids (mg/L),Nitrate N (mgN/L),Amonia N (mgN/L)
POINT (80.37861111 26.47222222),80.37861111,26.47222222,6.935051752921536,8.146025876460769,253.82136894824708,1.6308597863105174,0.11608327212020032
POINT (80.37566730057142 26.476355077142856),80.37566730057142,26.476355077142856,6.93094101445764,8.144721500745343,253.54412098087113,1.6294823385653985,0.11678600596211754
POINT (80.37272349114285 26.480487934285712),80.37272349114285,26.480487934285712,6.920079474707104,8.14114598220511,252.78472764405018,1.6256972693058256,0.11868220363178664
POINT (80.36977968171428 26.484620791428572),80.36977968171428,26.484620791428572,6.904322134604291,8.13571633707033,251.63255474030368,1.619933667515347,0.12150607290911841
POINT (80.3668358722857 26.48875364857143),80.3668358722857,26.48875364857143,6.885100352899862,8.128739963762708,250.1534895705657,1.6125077771004193,0.1250554453503298
POINT (80.36389206285713 26.492886505714285),80.36389206285713,26.492886505714285,6.863493433083417,8.120431829672853,248.39363202086324,1.6036405281025046,0.12918145906559445
POINT (80.36094825342857 26.49701936285714),80.36094825342857,26.49701936285714,6.840302698873931,8.110933498942497,246.38336979541057,1.5934771286559801,0.1337774522519985
POINT (80.358004444 26.501152219999998),80.358004444,26.501152219999998,6.81611804868054,8.100331341703933,244.14127093753214,1.5821059321802682,0.13876863563818523
POINT (80.35506063457143 26.505285077142858),80.35506063457143,26.505285077142858,6.791373618719364,8.088673005513215,241.67759861995157,1.5695756013167543,0.14410309385221226
POINT (80.35211682514286 26.509417934285715),80.35211682514286,26.509417934285715,6.766392463969989,8.075982093997778,238.99743770359694,1.5559104901525744,0.14974415912562475
POINT (80.34917301571429 26.51355079142857),80.34917301571429,26.51355079142857,6.741421498982888,8.062271327342328,236.10349291711836,1.5411245099928081,0.15566399901980557
POINT (80.34622920628571 26.517683648571428),80.34622920628571,26.517683648571428,6.716658258435332,8.047554482653979,232.99862360967975,1.5252337671791083,0.16183822490974117
POINT (80.34328539685714 26.521816505714284),80.34328539685714,26.521816505714284,6.692270889065421,8.031857267141616,229.68814930015913,1.5082681070442465,0.16824137700527436
POINT (80.34034158742857 26.525949362857144),80.34034158742857,26.525949362857144,6.668412472416722,8.015227046453996,226.18191138071685,1.490281453061553,0.17484322669910063
POINT (80.337397778 26.53008222),80.337397778,26.53008222,6.645230462849925,7.997741093432819,222.4960218346256,1.471360557424488,0.18160592806615608
POINT (80.33445396857142 26.534215077142857),80.33445396857142,26.534215077142857,6.622871793030878,7.97951279384484,218.65418127748396,1.4516315379455114,0.18848212503602907
POINT (80.33151015914285 26.538347934285714),80.33151015914285,26.538347934285714,6.601484092839816,7.960695104404145,214.68841846212976,1.4312634302866931,0.19541415962308564
POINT (80.32856634971428 26.54248079142857),80.32856634971428,26.54248079142857,6.581213500195413,7.941480563842289,210.63910408921436,1.4104679981477082,0.2023345133256575
POINT (80.32562254028572 26.54661364857143),80.32562254028572,26.54661364857143,6.562199696260267,7.922097354307021,206.5541327152365,1.3894952645768444,0.20916753943306327
POINT (80.32267873085715 26.550746505714287),80.32267873085715,26.550746505714287,6.544569023326883,7.902801305796353,202.48724945513163,1.3686246623828273,0.21583241268919878
POINT (80.31973492142858 26.554879362857143),80.31973492142858,26.554879362857143,6.5284267641241795,7.883864283167621,198.4956131092562,1.3481522978523095,0.22224705600804695
POINT (80.316791112 26.55901222),80.316791112,26.55901222,6.513849787588785,7.865559986989198,194.63681193944245,1.3283754630206126,0.22833263927129718
POINT (80.31384730257143 26.563145077142856),80.31384730257143,26.563145077142856,6.500880724766152,7.84814869101568,190.9656520430424,1.3095760599268886,0.23401812779754544
POINT (80.31090349314286 26.567277934285716),80.31090349314286,26.567277934285716,6.4895245993353114,7.83186268972681,187.53109147643198,1.2920048639007842,0.23924432627114453
POINT (80.30795968371429 26.571410791428573),80.30795968371429,26.571410791428573,6.4797484301091535,7.8168941537893515,184.37367788513978,1.2758684612329925,0.2439669347747658
POINT (80.30501587428571 26.57554364857143),80.30501587428571,26.57554364857143,6.4714838319457755,7.8033866947422625,181.52376438674202,1.261320257659901,0.24815829469967918
POINT (80.30207206485714 26.579676505714286),80.30207206485714,26.579676505714286,6.464632177758865,7.791431320083836,179.00064821901034,1.2484562757051014,0.25180771515500666
POINT (80.29912825542857 26.583809362857142),80.29912825542857,26.583809362857142,6.4590715473235605,7.7810667712230375,176.81263177004448,1.2373157102953307,0.2549204838267066
POINT (80.296184446 26.587942220000002),80.296184446,26.587942220000002,6.454664535066751,7.772283637491678,174.95787932439006,1.2278855645305553,0.257515833665154
POINT (80.29324063657143 26.59207507714286),80.29324063657143,26.59207507714286,6.451266020753629,7.765031241367638,173.42585877846733,1.2201082611257699,0.25962423051481526
POINT (80.29029682714287 26.596207934285715),80.29029682714287,26.596207934285715,6.4487301799929115,7.759226133922524,172.1991243539944,1.2138909623394956,0.26128436253407633
POINT (80.2873530177143 26.60034079142857),80.2873530177143,26.60034079142857,6.4469162588326485,7.7547610993592375,171.25520859718088,1.209115402470787,0.2625401651025794
POINT (80.28440920828572 26.604473648571428),80.28440920828572,26.604473648571428,6.4456928926415396,7.751513775499596,170.568435470458,1.205647267563052,0.26343813017113793
POINT (80.28146539885715 26.608606505714288),80.28146539885715,26.608606505714288,6.444940965995987,7.749354273573962,170.1115243814281,1.2033444599436711,0.26402505255544173
POINT (80.27852158942858 26.612739362857145),80.27852158942858,26.612739362857145,6.444555163146219,7.748151457724921,169.8569132474266,1.202063887038219,0.26434627741043853
POINT (80.27557778 26.61687222),80.27557778,26.61687222,6.444444444444445,7.747777777777778,169.77777777777777,1.2016666666666669,0.2644444444444444
POINT (80.27875346132076 26.61295848830189),80.27875346132076,26.61295848830189,6.444553524297564,7.748146290072107,169.8558191143642,1.2020583896021686,0.26434765081092665
POINT (80.28192914264152 26.609044756603776),80.28192914264152,26.609044756603776,6.444932936694748,7.749331755927443,170.1067592813379,1.2033204610746884,0.2640311775366394
POINT (80.28510482396227 26.60513102490566),80.28510482396227,26.60513102490566,6.445671066178862,7.751458747541383,170.55679627879113,1.205588519871684,0.26345343492304224
POINT (80.28828050528303 26.601217293207547),80.28828050528303,26.601217293207547,6.446869940330571,7.754655230571945,171.232825769438,1.209002199620685,0.2625702481257629
POINT (80.29145618660378 26.597303561509435),80.29145618660378,26.597303561509435,6.4486447305499235,7.7590478849183135,172.16145414401151,1.2137000894305938,0.2613360761236872
POINT (80.29463186792454 26.593389829811322),80.29463186792454,26.593389829811322,6.451122226089804,7.76475603980275,173.36772061687162,1.2198131778815204,0.25970570620225214
POINT (80.29780754924529 26.58947609811321),80.29780754924529,26.58947609811321,6.454438060854563,7.771884325359988,174.8735502603135,1.227456883881569,0.2576364276498382
POINT (80.30098323056605 26.585562366415097),80.30098323056605,26.585562366415097,6.4587325538245794,7.7805143633743485,176.69600629607686,1.2367220168748798,0.25509062344130623
POINT (80.3041589118868 26.58164863471698),80.3041589118868,26.58164863471698,6.464145167696723,7.790696081571833,178.84546500276042,1.2476652940020208,0.25203863539821947
POINT (80.30733459320756 26.577734903018868),80.30733459320756,26.577734903018868,6.470807793212204,7.8024394976162705,181.32389154187177,1.260300328596479,0.24846166726487065
POINT (80.31051027452831 26.573821171320755),80.31051027452831,26.573821171320755,6.478837306237302,7.815708017515618,184.1234365535547,1.2745902244175524,0.24435440979745027
POINT (80.31368595584907 26.569907439622643),80.31368595584907,26.569907439622643,6.488328076752022,7.830414354207869,187.2255859052606,1.2904429822521826,0.23972702640227916
POINT (80.31686163716982 26.56599370792453),80.31686163716982,26.56599370792453,6.499345272788355,7.846420031684014,190.60106607773372,1.307710779569132,0.23460615076784222
POINT (80.32003731849056 26.562079976226418),80.32003731849056,26.562079976226418,6.51191983588497,7.863539072195661,194.21062996412275,1.3261937901973166,0.22903463383015124
POINT (80.32321299981132 26.5581662445283),80.32321299981132,26.5581662445283,6.526045866200844,7.881545904185677,198.00672985404177,1.3456486062524282,0.22306993304481848
POINT (80.32638868113207 26.55425251283019),80.32638868113207,26.55425251283019,6.54168084498116,7.900186878180724,201.93594752438872,1.365800617845612,0.21678123730229215
POINT (80.32956436245283 26.550338781132076),80.32956436245283,26.550338781132076,6.558748690158191,7.919194183319241,205.94192647424285,1.386359056014599,0.21024562325550428
POINT (80.33274004377358 26.546425049433964),80.33274004377358,26.546425049433964,6.577145178480384,7.938300564810445,209.9684691777444,1.4070329705514917,0.2035436953517596
POINT (80.33591572509434 26.54251131773585),80.33591572509434,26.54251131773585,6.59674487793182,7.957253148207057,213.9624428454409,1.427546302763502,0.19675523531094072
POINT (80.3390914064151 26.53859758603774),80.3390914064151,26.53859758603774,6.617408497833359,7.9758248913860275,217.8761828734961,1.447650438357645,0.18995536370835242
POINT (80.34226708773585 26.534683854339622),80.34226708773585,26.534683854339622,6.638989512373983,7.993822635575294,221.6691782469216,1.4671331091546496,0.18321161066329034
POINT (80.3454427690566 26.53077012264151),80.3454427690566,26.53077012264151,6.661339022235422,8.011091283879022,225.30894049401846,1.4858231154417882,0.17658213909448897
POINT (80.34861845037736 26.526856390943397),80.34861845037736,26.526856390943397,6.684308022491909,8.027514162509053,228.771068526092,1.5035909146776105,0.17011520473829994
POINT (80.35179413169811 26.522942659245285),80.35179413169811,26.522942659245285,6.707746460842103,8.043010012140488,232.03860395685047,1.5203455530180952,0.1638498082936894
POINT (80.35496981301887 26.519028927547172),80.35496981301887,26.519028927547172,6.731498624929687,8.05752726424157,235.1008147706941,1.5360286480083356,0.15781741835039784
POINT (80.35814549433962 26.51511519584906),80.35814549433962,26.51511519584906,6.755394442074987,8.07103628220008,237.95155004453608,1.5506061651816447,0.15204462468091767
POINT (80.36132117566038 26.511201464150943),80.36132117566038,26.511201464150943,6.7792361897430675,8.083520128084098,240.58728296601262,1.564058609281567,0.14655661280730323
POINT (80.36449685698113 26.50728773245283),80.36449685698113,26.50728773245283,6.802779908920867,8.094964207376819,243.00491510759605,1.5763700311374875,0.14138141790525663
POINT (80.36767253830189 26.503374000754718),80.36767253830189,26.503374000754718,6.825710520738739,8.105344901333886,245.19936346143783,1.5875159938373002,0.1365550013175385
POINT (80.37084821962264 26.499460269056605),80.37084821962264,26.499460269056605,6.847609340347916,8.114617070755243,247.16090387284578,1.5974504019217932,0.13212727616544231
POINT (80.3740239009434 26.495546537358493),80.3740239009434,26.495546537358493,6.867912495251058,8.122700158625827,248.87221138783218,1.6060909311438014,0.12816926384566407
POINT (80.37719958226415 26.49163280566038),80.37719958226415,26.49163280566038,6.885858940050959,8.129462603417597,250.30503480424557,1.6133027786219472,0.12478154992833101
POINT (80.38037526358491 26.487719073962264),80.38037526358491,26.487719073962264,6.900427778742078,8.134704516623666,251.41649433567932,1.6188807052442913,0.12210405605202125
POINT (80.38355094490566 26.48380534226415),80.38355094490566,26.48380534226415,6.910267261186666,8.138139274271397,252.14513991706212,1.6225300673309848,0.12032673480302405
POINT (80.38672662622642 26.47989161056604),80.38672662622642,26.47989161056604,6.913623373465377,8.139376128585605,252.40721884077277,1.6238490473421388,0.11969994229747982
POINT (80.38990230754717 26.475977878867926),80.38990230754717,26.475977878867926,6.908286062057973,8.137908556935255,252.0941597548139,1.6223169967300342,0.12054170816497886
POINT (80.39307798886793 26.472064147169814),80.39307798886793,26.472064147169814,6.891587260490334,8.13311713739858,251.07315181846525,1.6172980047011547,0.12323671107812077
POINT (80.39625367018868 26.4681504154717),80.39625367018868,26.4681504154717,6.860506219342226,8.12430096456872,249.19381796500716,1.6080741667339462,0.12821864185065818
POINT (80.39942935150944 26.464236683773585),80.39942935150944,26.464236683773585,6.811956812171367,8.110755980017606,246.30492004971669,1.5939274376810981,0.13592495929247592
POINT (80.40260503283018 26.460322952075472),80.40260503283018,26.460322952075472,6.743328547414671,8.091916915191113,242.28468520018478,1.5742870514446858,0.14671385671524723
POINT (80.40578071415094 26.45640922037736),80.40578071415094,26.45640922037736,6.653293773168418,8.067563304921745,237.0848809238226,1.5489424927459512,0.1607426338914185
POINT (80.40895639547169 26.452495488679247),80.40895639547169,26.452495488679247,6.54274768917458,8.038052277762539,230.78069615850217,1.5182828730610072,0.17782886902612963
POINT (80.41213207679245 26.448581756981135),80.41213207679245,26.448581756981135,6.415540723891519,8.004489424298491,223.60747289691312,1.4834706657816992,0.1973464306432258
POINT (80.4153077581132 26.444668025283022),80.4153077581132,26.444668025283022,6.278532445520136,7.968720045661483,215.95908271763835,1.446428540690775,0.2182263306598072
POINT (80.41848343943396 26.440754293584906),80.41848343943396,26.440754293584906,6.140647559345577,7.933067235199337,208.33212740228547,1.409564687308443,0.23910741211112194
POINT (80.42165912075471 26.436840561886793),80.42165912075471,26.436840561886793,6.011099268962987,7.899869170018427,201.22705711434725,1.375292628414583,0.2586079128155338
POINT (80.42483480207547 26.43292683018868),80.42483480207547,26.43292683018868,5.897465542820147,7.8709960596343596,195.04474871846017,1.3455331069677903,0.2756123811446105
POINT (80.42801048339622 26.429013098490568),80.42801048339622,26.429013098490568,5.804411501922684,7.847545488993986,190.02109986310887,1.3214028833682594,0.2894558313377416
POINT (80.43118616471698 26.425099366792455),80.43118616471698,26.425099366792455,5.733439954285698,7.829803527689316,186.21844053570666,1.3031789621001542,0.2999515614191646
POINT (80.43436184603773 26.42118563509434),80.43436184603773,26.42118563509434,5.683490332320421,7.817416368998491,183.5620477777507,1.2904794396325168,0.3072934433601941
POINT (80.43753752735849 26.417271903396227),80.43753752735849,26.417271903396227,5.651910572085595,7.809647357054903,181.8950338822326,1.2825308841611447,0.31190586914288354
POINT (80.44071320867924 26.413358171698114),80.44071320867924,26.413358171698114,5.63537769826008,7.805612552226672,181.028734535314,1.2784120145624014,0.3143047450927269
POINT (80.44388889 26.40944444),80.44388889,26.40944444,5.6305555555555555,7.804444444444444,180.77777777777777,1.277222222222222,0.315
POINT (80.44802269281689 26.40660954174648),80.44802269281689,26.40660954174648,5.634426478258523,7.805371477107078,180.97714823284002,1.2781629492926796,0.3144475459419252
POINT (80.4521564956338 26.40377464349296),80.4521564956338,26.40377464349296,5.64450840418265,7.807767149458813,181.4927638428985,1.28058726257344,0.31301911649391934
POINT (80.4562902984507 26.400939745239437),80.4562902984507,26.400939745239437,5.658876344074985,7.811151247233498,182.22179294591794,1.2840002267121124,0.3110008450020014
POINT (80.4604241012676 26.398104846985916),80.4604241012676,26.398104846985916,5.6760541067216215,7.815160293818739,183.08635082112497,1.2880280574274523,0.30861029064984724
POINT (80.4645579040845 26.395269948732395),80.4645579040845,26.395269948732395,5.6949395640869875,7.819526737847231,184.02906664704096,1.2923962809833354,0.3060084000277791
POINT (80.46869170690141 26.392435050478873),80.46869170690141,26.392435050478873,5.714727643742529,7.824058287174391,185.00867376744006,1.296908177583552,0.3033115219586054
POINT (80.4728255097183 26.389600152225352),80.4728255097183,26.389600152225352,5.734841767478922,7.8286198869044235,185.99616021926053,1.301426047736839,0.30060195469772416
POINT (80.47695931253521 26.38676525397183),80.47695931253521,26.38676525397183,5.754877282624295,7.833119065035724,186.97163631430917,1.3058560166882047,0.297936563157247
POINT (80.48109311535211 26.383930355718313),80.48109311535211,26.383930355718313,5.774556849888548,7.837494510517264,187.92189173282952,1.3101362142217632,0.29535352168000767
POINT (80.485226918169 26.38109545746479),80.485226918169,26.38109545746479,5.793696254562522,7.841707410383035,188.83854176824434,1.3142278255281923,0.2928774460583728
POINT (80.48936072098591 26.37826055921127),80.48936072098591,26.37826055921127,5.812178696323225,7.84573499878133,189.71664622117467,1.3181084381353705,0.2905232281376789
POINT (80.49349452380281 26.37542566095775),80.49349452380281,26.37542566095775,5.829935701440424,7.849565814068889,190.5536934880496,1.3217671584888713,0.28829886475785077
POINT (80.49762832661972 26.372590762704228),80.49762832661972,26.372590762704228,5.846933078276579,7.8531962440607055,191.34886019852553,1.3252010609306768,0.2862075257814727
POINT (80.50176212943661 26.369755864450706),80.50176212943661,26.369755864450706,5.863160651449197,7.856628027884753,192.10247557000633,1.3284126246489338,0.28424905534279205
POINT (80.50589593225352 26.366920966197185),80.50589593225352,26.366920966197185,5.8786247971887375,7.859866460981064,192.81563630106945,1.3314078957826456,0.2824210552632458
POINT (80.51002973507042 26.364086067943663),80.51002973507042,26.364086067943663,5.8933430408329315,7.862919113369204,193.48993139839334,1.334195178105081,0.2807196625568582
POINT (80.51416353788733 26.361251169690142),80.51416353788733,26.361251169690142,5.907340165423129,7.865794920777506,194.1272468986039,1.3367841071281135,0.27914010401886274
POINT (80.51829734070422 26.35841627143662),80.51829734070422,26.35841627143662,5.920645424193602,7.868503545670634,194.7296284486163,1.3391850013190414,0.27767708891842635
POINT (80.52243114352112 26.3555813731831),80.52243114352112,26.3555813731831,5.933290557702495,7.871054933070766,195.2991856644969,1.3414084129832176,0.2763250844207203
POINT (80.52656494633803 26.352746474929578),80.52656494633803,26.352746474929578,5.945308396419196,7.873459006569389,195.83802657399676,1.3434648225777088,0.27507850626652997
POINT (80.53069874915492 26.349911576676057),80.53069874915492,26.349911576676057,5.956731888527452,7.875725464912848,196.34821365445475,1.3453644357076184,0.2739318483737747
POINT (80.53483255197183 26.347076678422535),80.53483255197183,26.347076678422535,5.9675934359024705,7.877863650453704,196.8317353127086,1.3471170533168393,0.2728797685581293
POINT (80.53896635478873 26.344241780169014),80.53896635478873,26.344241780169014,5.977924452802123,7.8798824686829265,197.29048835002712,1.3487319937538456,0.27191714286224217
POINT (80.54310015760564 26.341406881915493),80.54310015760564,26.341406881915493,5.987755084879932,7.881790343806656,197.7262681863486,1.3502180513135782,0.2710390975593631
POINT (80.54723396042253 26.33857198366197),80.54723396042253,26.33857198366197,5.997114042969318,7.883595199500568,198.14076451137066,1.3515834801454465,0.2702410254082497
POINT (80.55136776323943 26.335737085408454),80.55136776323943,26.335737085408454,6.006028518395686,7.885304457000127,198.53556067844218,1.3528359955258307,0.2695185909257046
POINT (80.55550156605634 26.332902187154932),80.55550156605634,26.332902187154932,6.014524155569002,7.886925044880364,198.91213562788246,1.3539827867463368,0.26886772812575643
POINT (80.55963536887323 26.33006728890141),80.55963536887323,26.33006728890141,6.022625064195406,7.888463416473227,199.27186746834218,1.3550305375030403,0.2682846332149651
POINT (80.56376917169014 26.32723239064789),80.56376917169014,26.32723239064789,6.03035385827073,7.889925572028611,199.61603809331098,1.355985450857008,0.2677657540342304
POINT (80.56790297450704 26.324397492394368),80.56790297450704,26.324397492394368,6.037731712555128,7.891317083566103,199.94583839040976,1.3568532766956491,0.26730777752793194
POINT (80.57203677732394 26.321562594140847),80.57203677732394,26.321562594140847,6.0447784298242935,7.892643120975495,200.2623737323257,1.3576393402474098,0.26690761614970593
POINT (80.57617058014084 26.318727695887326),80.57617058014084,26.318727695887326,6.051512514095497,7.8939084783665,200.56666953335593,1.3583485706528442,0.2665623938436747
POINT (80.58030438295775 26.315892797633804),80.58030438295775,26.315892797633804,6.057951246424614,7.895117599989005,200.85967672449632,1.358985528920632,0.26626943204303305
POINT (80.58443818577464 26.313057899380283),80.58443818577464,26.313057899380283,6.064110760892475,7.8962746052759005,201.14227704971415,1.3595544348310549,0.2660262359850907
POINT (80.58857198859154 26.31022300112676),80.58857198859154,26.31022300112676,6.07000611914847,7.897383312726953,201.41528812184544,1.3600591925170702,0.2658304815384755
POINT (80.59270579140845 26.30738810287324),80.59270579140845,26.30738810287324,6.075651382424111,7.898447262470128,201.6794682020458,1.3605034145720007,0.2656800026638847
POINT (80.59683959422534 26.30455320461972),80.59683959422534,26.30455320461972,6.081059680326015,7.899469737420723,201.93552068481227,1.3608904446165648,0.2655727795766093
POINT (80.60097339704225 26.301718306366197),80.60097339704225,26.301718306366197,6.08624327600355,7.900453783016793,202.1840982832084,1.3612233783158747,0.26550692764148864
POINT (80.60510719985915 26.298883408112676),80.60510719985915,26.298883408112676,6.091213627490223,7.901402225549269,202.4258069175525,1.3615050828762651,0.26548068700476274
POINT (80.60924100267606 26.296048509859155),80.60924100267606,26.296048509859155,6.095981445163015,7.902317689131734,202.6612093166391,1.3617382150776487,0.26549241294937337
POINT (80.61337480549295 26.293213611605633),80.61337480549295,26.293213611605633,6.100556745363191,7.903202611371615,202.89082834422135,1.3619252379131137,0.2655405669484237
POINT (80.61750860830986 26.290378713352112),80.61750860830986,26.290378713352112,6.1049489002907595,7.904059257814665,203.11515006572327,1.3620684359166932,0.2656237083840094
POINT (80.62164241112676 26.287543815098594),80.62164241112676,26.287543815098594,6.10916668432798,7.904889735239488,203.33462657125702,1.3621699292644385,0.2657404868942885
POINT (80.62577621394365 26.284708916845073),80.62577621394365,26.284708916845073,6.113218316975103,7.905696003880668,203.54967857145462,1.3622316867348476,0.26588963530954796
POINT (80.62991001676056 26.28187401859155),80.62991001676056,26.28187401859155,6.117111502595358,7.9064798886581995,203.7606977824755,1.3622555376131928,0.2660699631374796
POINT (80.63404381957746 26.27903912033803),80.63404381957746,26.27903912033803,6.120853467172327,7.907243089488622,203.9680491161085,1.3622431826213257,0.26628035055841653
POINT (80.63817762239437 26.27620422208451),80.63817762239437,26.27620422208451,6.12445099228238,7.907987190749975,204.1720726902011,1.3621962039505535,0.26651974289255204
POINT (80.64231142521126 26.273369323830988),80.64231142521126,26.273369323830988,6.127910446479747,7.908713669968586,204.3730856738082,1.3621160744706782,0.26678714550287314
POINT (80.64644522802817 26.270534425577466),80.64644522802817,26.270534425577466,6.131237814284888,7.909423905791607,204.57138398058845,1.3620041661834856,0.26708161909957245
POINT (80.65057903084507 26.267699527323945),80.65057903084507,26.267699527323945,6.134438722956794,7.910119185304622,204.76724382302237,1.3618617579841192,0.2674022754138144
POINT (80.65471283366197 26.264864629070424),80.65471283366197,26.264864629070424,6.137518467220278,7.910800710749451,204.96092313913803,1.3616900427889773,0.26774827321096667
POINT (80.65884663647887 26.262029730816902),80.65884663647887,26.262029730816902,6.140482032107827,7.911469605692927,205.15266290250582,1.361490134084172,0.2681188146155429
POINT (80.66298043929577 26.25919483256338),80.66298043929577,26.25919483256338,6.143334114065273,7.912126920693312,205.34268832543174,1.3612630719441414,0.2685131417222557
POINT (80.66711424211267 26.25635993430986),80.66711424211267,26.25635993430986,6.146079140459428,7.912773638507361,205.53120996444608,1.361009828565915,0.2689305334695696
POINT (80.67124804492957 26.253525036056338),80.67124804492957,26.253525036056338,6.148721287615667,7.913410678877168,205.7184247364323,1.3607313133606105,0.26937030275407103
POINT (80.67538184774648 26.250690137802817),80.67538184774648,26.250690137802817,6.15126449750369,7.914038902932857,205.90451685303628,1.3604283776401758,0.26983179376577954
POINT (80.67951565056337 26.247855239549295),80.67951565056337,26.247855239549295,6.15371249317997,7.914659117243845,206.08965868032055,1.3601018189340603,0.2703143795261535
POINT (80.68364945338028 26.245020341295774),80.68364945338028,26.245020341295774,6.156068793087185,7.915272077548674,206.27401153004695,1.359752384967431,0.27081745961215364
POINT (80.68778325619718 26.242185443042253),80.68778325619718,26.242185443042253,6.1583367243022415,7.915878492190765,206.45772638838852,1.3593807773297821,0.27134045805109
POINT (80.69191705901409 26.239350544788735),80.69191705901409,26.239350544788735,6.160519434817435,7.916479025284988,206.6409445873857,1.3589876548601836,0.2718828213723624
POINT (80.69605086183098 26.236515646535214),80.69605086183098,26.236515646535214,6.162619904931821,7.917074299637791,206.82379842397,1.3585736367731072,0.27244401680334096
POINT (80.70018466464788 26.233680748281692),80.70018466464788,26.233680748281692,6.164640957823849,7.917664899441618,207.00641173097802,1.3581393055466087,0.2730235305978108
POINT (80.70431846746479 26.23084585002817),80.70431846746479,26.23084585002817,6.1665852693700565,7.918251372762478,207.18890040416537,1.357685209592725,0.27362086648635076
POINT (80.70845227028168 26.22801095177465),80.70845227028168,26.22801095177465,6.168455377269366,7.918834233837894,207.37137288889286,1.3572118657281713,0.27423554423897867
POINT (80.71258607309859 26.22517605352113),80.71258607309859,26.22517605352113,6.1702536895275,7.919413965200957,207.5539306298334,1.3567197614617843,0.2748670983312415
POINT (80.71671987591549 26.222341155267607),80.71671987591549,26.222341155267607,6.171982492351352,7.919991019644781,207.73666848674142,1.3562093571137737,0.2755150767056482
POINT (80.7208536787324 26.219506257014086),80.7208536787324,26.219506257014086,6.173643957499203,7.920565822040442,207.91967511908237,1.355681087780418,0.27617903962111795
POINT (80.72498748154929 26.216671358760564),80.72498748154929,26.216671358760564,6.175240149128509,7.921138771020315,208.10303334205258,1.3551353651567266,0.27685855858366615
POINT (80.7291212843662 26.213836460507043),80.7291212843662,26.213836460507043,6.176773030179945,7.921710240537764,208.2868204563267,1.3545725792284318,0.27755321535222366
POINT (80.7332550871831 26.21100156225352),80.7332550871831,26.21100156225352,6.178244468332686,7.922280581313029,208.47110855364053,1.3539930998437204,0.27826260101391337
POINT (80.73738888999999 26.208166664),80.73738888999999,26.208166664,6.1796562415635,7.922850122174529,208.65596480016467,1.3533972781741799,0.27898631512369093
POINT (80.7415226928169 26.20533176574648),80.7415226928169,26.20533176574648,6.181010043339113,7.923419171303802,208.8414516994328,1.3527854480736423,0.27972396490360096
POINT (80.7456564956338 26.202496867492957),80.7456564956338,26.202496867492957,6.182307487469245,7.923988017391769,209.02762733645562,1.3521579273428532,0.28047516449735704
POINT (80.7497902984507 26.199661969239436),80.7497902984507,26.199661969239436,6.183550112645274,7.924556930713243,209.214545604511,1.3515150189071845,0.2812395342763166
POINT (80.7539241012676 26.196827070985915),80.7539241012676,26.196827070985915,6.184739386687497,7.925126164126088,209.4022564159655,1.3508570119140673,0.28201670019319147
POINT (80.75805790408451 26.193992172732393),80.75805790408451,26.193992172732393,6.185876710522222,7.925695954000878,209.59080589838942,1.3501841827561625,0.28280629318023603
POINT (80.7621917069014 26.191157274478876),80.7621917069014,26.191157274478876,6.186963421908007,7.926266521086415,209.78023657709937,1.3494967960258741,0.2836079485888107
POINT (80.7663255097183 26.188322376225354),80.7663255097183,26.188322376225354,6.188000798929105,7.9268380713160695,209.97058754519597,1.3487951054062606,0.2844213056675947
POINT (80.77045931253521 26.185487477971833),80.77045931253521,26.185487477971833,6.188990063272463,7.927410796559387,210.16189462205057,1.3480793545030427,0.285246007076829
POINT (80.7745931153521 26.18265257971831),80.7745931153521,26.18265257971831,6.189932383303533,7.9279848753231965,210.3541905011374,1.3473497776219803,0.28608169843626424
POINT (80.77872691816901 26.17981768146479),80.77872691816901,26.17981768146479,6.190828876954919,7.928560473406008,210.5475048880315,1.3466066004955384,0.28692802790466043
POINT (80.78286072098591 26.17698278321127),80.78286072098591,26.17698278321127,6.191680614440703,7.92913774450919,210.74186462931442,1.3458500409624865,0.2877846457888024
POINT (80.78699452380282 26.174147884957748),80.78699452380282,26.174147884957748,6.192488620808443,7.929716830808204,210.93729383309395,1.3450803096037058,0.28865120418025747
POINT (80.79112832661971 26.171312986704226),80.79112832661971,26.171312986704226,6.193253878339819,7.930297863486853,211.13381398176324,1.3442976103373048,0.2895273566181218
POINT (80.79526212943662 26.168478088450705),80.79526212943662,26.168478088450705,6.193977328810108,7.930880963237278,211.33144403760093,1.3435021409757932,0.29041275777626296
POINT (80.79939593225352 26.165643190197184),80.79939593225352,26.165643190197184,6.194659875615873,7.931466240728257,211.53020054174192,1.342694093747958,0.2913070631735589
POINT (80.80352973507041 26.162808291943662),80.80352973507041,26.162808291943662,6.19530238577961,7.932053797044143,211.7300977070332,1.3418736557877597,0.2922099289058678
POINT (80.80766353788732 26.15997339369014),80.80766353788732,26.15997339369014,6.1959056918393545,7.932643724096554,211.93114750522722,1.3410410095924874,0.29312101139845226
POINT (80.81179734070422 26.15713849543662),80.81179734070422,26.15713849543662,6.196470593630736,7.9332361050108755,212.13335974894449,1.340196333452178,0.2940399671777466
POINT (80.81593114352113 26.154303597183098),80.81593114352113,26.154303597183098,6.1969978599683815,7.933831014489363,212.3367421688057,1.3393398018521352,0.2949664526614368
POINT (80.82006494633802 26.151468698929577),80.82006494633802,26.151468698929577,6.197488230233045,7.934428519152545,212.5413004860876,1.338471585850325,0.29590012396582865
POINT (80.82419874915493 26.148633800676055),80.82419874915493,26.148633800676055,6.197942415870475,7.935028677860569,212.7470384812561,1.3375918534311724,0.29684063672966954
POINT (80.82833255197183 26.145798902422534),80.82833255197183,26.145798902422534,6.198361101807443,7.935631542015847,212.95395805867486,1.3367007698372866,0.29778764595351587
POINT (80.83246635478874 26.142964004169016),80.83246635478874,26.142964004169016,6.198744947790117,7.93623715584844,213.16205930779498,1.3357984978804114,0.29874080585393825
POINT (80.83660015760563 26.140129105915495),80.83660015760563,26.140129105915495,6.199094589649523,7.936845556685367,213.3713405610801,1.33488519823292,0.29969976973177154
POINT (80.84073396042253 26.137294207661974),80.84073396042253,26.137294207661974,6.199410640498495,7.93745677520507,213.5817984489308,1.3339610297009494,0.300664189853799
POINT (80.84486776323944 26.134459309408452),80.84486776323944,26.134459309408452,6.1996936918642565,7.938070835678024,213.79342795182913,1.3330261494803046,0.3016337173471913
POINT (80.84900156605633 26.13162441115493),80.84900156605633,26.13162441115493,6.1999443147604305,7.9386877561945495,214.0062224499205,1.3320807133961075,0.30260800210612804
POINT (80.85313536887324 26.12878951290141),80.85313536887324,26.12878951290141,6.200163060702088,7.939307548880763,214.22017377024096,1.3311248761270944,0.30358669271008004
POINT (80.85726917169013 26.12595461464789),80.85726917169013,26.12595461464789,6.2003504626670845,7.939930220103464,214.4352722317586,1.3301587914154744,0.30456943635317324
POINT (80.86140297450704 26.123119716394367),80.86140297450704,26.123119716394367,6.2005070360068695,7.940555770664832,214.65150668841932,1.3291826122630745,0.30555587878422674
POINT (80.86553677732394 26.120284818140846),80.86553677732394,26.120284818140846,6.200633279309541,7.941184195987609,214.86886457033927,1.3281964911145892,0.30654566425693003
POINT (80.86967058014085 26.117449919887324),80.86967058014085,26.117449919887324,6.2007296752179775,7.941815486291509,215.08733192330865,1.3272005800285442,0.3075384354898091
POINT (80.87380438295774 26.114615021633803),80.87380438295774,26.114615021633803,6.200796691205414,7.942449626761467,215.30689344672808,1.3261950308366934,0.3085338336354981
POINT (80.87793818577464 26.11178012338028),80.87793818577464,26.11178012338028,6.200834780310938,7.94308659770834,215.5275325301217,1.325179995292376,0.3095314982590081
POINT (80.88207198859155 26.10894522512676),80.88207198859155,26.10894522512676,6.200844381837005,7.9437263747225915,215.7492312883328,1.3241556252084368,0.3105310673245692
POINT (80.88620579140844 26.10611032687324),80.88620579140844,26.10611032687324,6.2008259220110835,7.944368928821505,215.97197059551647,1.323122072585227,0.3115321771907254
POINT (80.89033959422535 26.103275428619718),80.89033959422535,26.103275428619718,6.200779814613328,7.945014226590393,216.19573011803908,1.322079489729129,0.3125344626133777
POINT (80.89447339704225 26.100440530366196),80.89447339704225,26.100440530366196,6.200706461572067,7.945662230318224,216.42048834636344,1.3210280293621253,0.31353755675640127
POINT (80.89860719985916 26.09760563211268),80.89860719985916,26.09760563211268,6.2006062535288065,7.946312898128134,216.6462226260266,1.3199678447227658,0.31454109120961193
POINT (80.90274100267605 26.094770733859157),80.90274100267605,26.094770733859157,6.20047957037433,7.946966184103162,216.87290918777433,1.3188990896590034,0.31554469601372004
POINT (80.90687480549296 26.091935835605636),80.90687480549296,26.091935835605636,6.200326781757338,7.947622038407581,217.1005231769432,1.3178219187131985,0.3165479996920654
POINT (80.91100860830986 26.089100937352114),80.91100860830986,26.089100937352114,6.200148247567062,7.948280407404168,217.32903868214606,1.3167364871997198,0.31755062928880157
POINT (80.91514241112675 26.086266039098593),80.91514241112675,26.086266039098593,6.199944318391118,7.948941233767722,217.55842876334026,1.315642951275396,0.31855221041333814
POINT (80.91927621394366 26.08343114084507),80.91927621394366,26.08343114084507,6.199715335949839,7.949604456595096,217.78866547932515,1.3145414680031928,0.31955236729073827
POINT (80.92341001676056 26.08059624259155),80.92341001676056,26.08059624259155,6.199461633508234,7.950270011512022,218.01971991473,1.3134321954093837,0.3205507228178522
POINT (80.92754381957747 26.07776134433803),80.92754381957747,26.07776134433803,6.199183536266652,7.950937830777008,218.2515622065485,1.3123152925344677,0.3215468986249813
POINT (80.93167762239436 26.074926446084508),80.93167762239436,26.074926446084508,6.198881361731164,7.9516078433824635,218.48416157025184,1.3111909194781592,0.32254051514277915
POINT (80.93581142521127 26.072091547830986),80.93581142521127,26.072091547830986,6.198555420064627,7.952279975153347,218.71748632554176,1.3100592374386217,0.3235311916742497
POINT (80.93994522802817 26.069256649577465),80.93994522802817,26.069256649577465,6.198206014419331,7.952954148843457,218.95150392176362,1.3089204087462636,0.3245185464715434
POINT (80.94407903084507 26.066421751323944),80.94407903084507,26.066421751323944,6.197833441252077,7.95363028422964,219.18618096303442,1.3077745968922403,0.32550219681741943
POINT (80.94821283366197 26.063586853070422),80.94821283366197,26.063586853070422,6.197437990622471,7.954308298203941,219.42148323309885,1.3066219665519572,0.3264817591110877
POINT (80.95234663647886 26.0607519548169),80.95234663647886,26.0607519548169,6.197019946475243,7.9549881048640225,219.65737571996203,1.305462683603702,0.3274568489583035
POINT (80.95648043929577 26.05791705656338),80.95648043929577,26.05791705656338,6.1965795869072275,7.955669615601861,219.89382264031008,1.3042969151426647,0.3284270812654513
POINT (80.96061424211267 26.055082158309858),80.96061424211267,26.055082158309858,6.196117184419759,7.956352739190886,220.1307874637487,1.3031248294905085,0.3293920703374457
POINT (80.96474804492958 26.052247260056337),80.96474804492958,26.052247260056337,6.195633006157064,7.957037381871743,220.36823293688732,1.3019465962006473,0.33035142997928085
POINT (80.96888184774647 26.049412361802815),80.96888184774647,26.049412361802815,6.195127314131296,7.957723447436668,220.60612110727251,1.300762386059467,0.33130477360097205
POINT (80.97301565056338 26.046577463549298),80.97301565056338,26.046577463549298,6.194600365434754,7.9584108373127185,220.84441334720586,1.299572371083578,0.3322517143257799
POINT (80.97714945338028 26.043742565295776),80.97714945338028,26.043742565295776,6.194052412439843,7.9590994506438015,221.08307037744268,1.2983767245133429,0.33319186510144855
POINT (80.98128325619717 26.040907667042255),80.98128325619717,26.040907667042255,6.193483702987307,7.9597891843716955,221.32205229080046,1.2971756208027594,0.33412483881434896
POINT (80.98541705901408 26.038072768788734),80.98541705901408,26.038072768788734,6.192894480563188,7.960479933316094,221.56131857567587,1.2959692356059107,0.3350502484062855
POINT (80.98955086183098 26.035237870535212),80.98955086183098,26.035237870535212,6.192284984465016,7.961171590253711,221.80082813948232,1.2947577457601054,0.335967706993807
POINT (80.99368466464789 26.03240297228169),80.99368466464789,26.03240297228169,6.191655449957629,7.961864045996566,222.0405393320223,1.2935413292658242,0.33687682798986796
POINT (80.99781846746478 26.02956807402817),80.99781846746478,26.02956807402817,6.191006108419106,7.962557189469435,222.28040996878534,1.2923201652636824,0.3377772252276016
POINT (81.00195227028169 26.02673317577465),81.00195227028169,26.02673317577465,6.190337187477139,7.963250907786578,222.52039735419353,1.2910944340084554,0.33866851308610524
POINT (81.00608607309859 26.023898277521127),81.00608607309859,26.023898277521127,6.189648911136283,7.963945086327714,222.7604583047783,1.2898643168403912,0.33955030661798624
POINT (81.0102198759155 26.021063379267606),81.0102198759155,26.021063379267606,6.188941499896429,7.964639608813342,223.00054917230852,1.288629996153852,0.34042222167857306
POINT (81.01435367873239 26.018228481014084),81.01435367873239,26.018228481014084,6.188215170862857,7.9653343573793745,223.24062586685142,1.2873916553634959,0.3412838750565461
POINT (81.01848748154929 26.015393582760563),81.01848748154929,26.015393582760563,6.18747013784817,7.966029212651166,223.4806438797824,1.2861494788680454,0.34213488460589275
POINT (81.0226212843662 26.01255868450704),81.0226212843662,26.01255868450704,6.186706611466479,7.9667240538168995,223.72055830672798,1.2849036520118282,0.3429748693789625
POINT (81.02675508718309 26.00972378625352),81.02675508718309,26.00972378625352,6.185924799220115,7.967418758700386,223.96032387044278,1.283654361044185,0.34380344976047983
POINT (81.03088889 26.006888888),81.03088889,26.006888888,6.1851249055791335,7.968113203833271,224.19989494362406,1.2824017930768357,0.3446202476023779
POINT (81.0350226928169 26.004053989746478),81.0350226928169,26.004053989746478,6.1843071320539655,7.968807264526631,224.43922557164157,1.2811461360393885,0.34542488635923463
POINT (81.0391564956338 26.00121909149296),81.0391564956338,26.00121909149296,6.183471677261394,7.969500814942029,224.6782694951966,1.2798875786330242,0.34621699122422356
POINT (81.0432902984507 25.99838419323944),81.0432902984507,25.99838419323944,6.182618736984186,7.970193728161935,224.9169801728844,1.2786263102825473,0.346996189265355
POINT (81.04742410126761 25.995549294985917),81.04742410126761,25.995549294985917,6.181748504224598,7.970885876259588,225.15531080366966,1.277362521086842,0.3477621095619223
POINT (81.0515579040845 25.992714396732396),81.0515579040845,25.992714396732396,6.180861169251982,7.9715771303682486,225.39321434924994,1.276096401767918,0.3485143833409358
POINT (81.0556917069014 25.989879498478874),81.0556917069014,25.989879498478874,6.179956919644745,7.972267360749845,225.63064355631542,1.2748281436185727,0.34925264411346457
POINT (81.05982550971831 25.987044600225353),81.05982550971831,25.987044600225353,6.179035940326858,7.972956436863003,225.86755097868112,1.2735579384488493,0.3499765278106858
POINT (81.0639593125352 25.98420970197183),81.0639593125352,25.98420970197183,6.178098413599164,7.973644227430424,226.10388899928736,1.2722859785313652,0.35068567291952396
POINT (81.06809311535211 25.98137480371831),81.06809311535211,25.98137480371831,6.177144519165641,7.974330600505644,226.33960985206488,1.2710124565455818,0.3513797206177629
POINT (81.07222691816901 25.97853990546479),81.07222691816901,25.97853990546479,6.176174434154859,7.975015423539087,226.57466564363818,1.2697375655212,0.35205831490844164
POINT (81.07636072098592 25.975705007211268),81.07636072098592,25.975705007211268,6.17518833313678,7.9756985634434585,226.80900837487476,1.2684614987806797,0.3527211027534686
POINT (81.08049452380281 25.972870108957746),81.08049452380281,25.972870108957746,6.1741863881351415,7.976379886658394,227.04258996225096,1.2671844498810885,0.35336773420626166
POINT (81.08462832661972 25.970035210704225),81.08462832661972,25.970035210704225,6.173168768635535,7.9770592592144105,227.27536225904007,1.2659066125552738,0.3539978625433525
POINT (81.08876212943662 25.967200312450704),81.08876212943662,25.967200312450704,6.172135641589403,7.9777365467960655,227.50727707629375,1.2646281806525528,0.3546111443947729
POINT (81.09289593225351 25.964365414197182),81.09289593225351,25.964365414197182,6.171087171414076,7.9784116148043465,227.73828620362195,1.2633493480789253,0.355207239873167
POINT (81.09702973507042 25.96153051594366),81.09702973507042,25.96153051594366,6.170023519989042,7.97908432841825,227.96834142974564,1.2620703087369722,0.35578581270146875
POINT (81.10116353788732 25.95869561769014),81.10116353788732,25.95869561769014,6.168944846648603,7.979754552655509,228.1973945628157,1.2607912564655073,0.35634653033905844
POINT (81.10529734070423 25.955860719436618),81.10529734070423,25.955860719436618,6.167851308171006,7.980422152432468,228.4253974504913,1.2595123849790355,0.356889064106308
POINT (81.10943114352112 25.9530258211831),81.10943114352112,25.9530258211831,6.166743058764296,7.981086992623057,228.65230199975184,1.258233887807188,0.35741308930737625
POINT (81.11356494633803 25.95019092292958),81.11356494633803,25.95019092292958,6.165620250048904,7.981748938116835,228.87806019644898,1.25695595823412,0.35791828535121056
POINT (81.11769874915493 25.947356024676058),81.11769874915493,25.947356024676058,6.164483031037232,7.982407853876098,229.10262412456638,1.255678789238065,0.35840433587061293
POINT (81.12183255197183 25.944521126422536),81.12183255197183,25.944521126422536,6.163331548110231,7.983063604991984,229.32594598519566,1.2544025734310138,0.3588709288393353
POINT (81.12596635478873 25.941686228169015),81.12596635478873,25.941686228169015,6.1621659449912265,7.983716056739585,229.54797811519788,1.2531275029987121,0.3593177566870777
POINT (81.13010015760563 25.938851329915494),81.13010015760563,25.938851329915494,6.160986362716973,7.9843650746320005,229.7686730055566,1.251853769640955,0.35974451641235616
POINT (81.13423396042253 25.936016431661972),81.13423396042253,25.936016431661972,6.1597929396061755,7.985010524473361,229.9879833193972,1.2505815645123366,0.36015090969313795
POINT (81.13836776323943 25.93318153340845),81.13836776323943,25.93318153340845,6.1585858112255085,7.9856522724106815,230.20586190966722,1.2493110781634846,0.3605366429951913
POINT (81.14250156605634 25.93034663515493),81.14250156605634,25.93034663515493,6.157365110353247,7.986290184984679,230.42226183647222,1.2480425004828504,0.3609014276781034
POINT (81.14663536887323 25.92751173690141),81.14663536887323,25.92751173690141,6.156130966940642,7.986924129179354,230.63713638404292,1.2467760206391734,0.3612449800988812
POINT (81.15076917169014 25.924676838647887),81.15076917169014,25.924676838647887,6.154883508071086,7.987553972470456,230.85043907734064,1.2455118270246135,0.36156702171312205
POINT (81.15490297450704 25.921841940394366),81.15490297450704,25.921841940394366,6.15362285791722,7.988179582872692,231.06212369827358,1.2442501071987055,0.3618672791736753
POINT (81.15903677732395 25.919007042140844),81.15903677732395,25.919007042140844,6.152349137695988,7.988800828985735,231.2721443015316,1.2429910478331114,0.36214548442679084
POINT (81.16317058014084 25.916172143887323),81.16317058014084,25.916172143887323,6.151062465621812,7.98941758003895,231.48045523001377,1.2417348346573243,0.36240137480568796
POINT (81.16730438295774 25.9133372456338),81.16730438295774,25.9133372456338,6.1497629568578605,7.990029705934848,231.6870111298552,1.2404816524052886,0.36263469312154833
POINT (81.17143818577465 25.91050234738028),81.17143818577465,25.91050234738028,6.148450723465603,7.990637077291235,231.89176696503347,1.2392316847630802,0.3628451877518881
POINT (81.17557198859154 25.90766744912676),81.17557198859154,25.90766744912676,6.1471258743526,7.991239565482008,232.09467803155,1.237985114317659,0.3630326127263004
POINT (81.17970579140845 25.90483255087324),81.17970579140845,25.90483255087324,6.145788515218652,7.99183704267663,232.29569997118517,1.236742122506728,0.36319672780956863
POINT (81.18383959422535 25.90199765261972),81.18383959422535,25.90199765261972,6.144438748500396,7.992429381878195,232.4947887848079,1.2355028895698166,0.3633372985821207
POINT (81.18797339704226 25.8991627543662),81.18797339704226,25.8991627543662,6.143076673314295,7.993016456960137,232.69190084524627,1.234267594500551,0.363454096517853
POINT (81.19210719985915 25.896327856112677),81.19210719985915,25.896327856112677,6.141702385398214,7.993598142701479,232.88699290969996,1.233036415000246,0.36354689905930176
POINT (81.19624100267605 25.893492957859156),81.19624100267605,25.893492957859156,6.140315977051491,7.994174314820694,233.08002213170258,1.2318095274327772,0.36361548969019847
POINT (81.20037480549296 25.890658059605634),81.20037480549296,25.890658059605634,6.138917537073618,7.994744850008086,233.27094607261617,1.2305871067808407,0.36365965800540623
POINT (81.20450860830985 25.887823161352113),81.20450860830985,25.887823161352113,6.137507150701577,7.995309625956721,233.45972271265887,1.2293693266036148,0.36367919977826674
POINT (81.20864241112676 25.88498826309859),81.20864241112676,25.88498826309859,6.136084899545771,7.995868521391858,233.6463104614656,1.2281563589958324,0.3636739170253907
POINT (81.21277621394366 25.88215336484507),81.21277621394366,25.88215336484507,6.134650861524699,7.99642141609891,233.83066816816617,1.22694837454836,0.3636436180689096
POINT (81.21691001676056 25.87931846659155),81.21691001676056,25.87931846659155,6.133205110798268,7.996968190949882,234.01275513099233,1.2257455423102421,0.3635881175962433
POINT (81.22104381957746 25.876483568338028),81.22104381957746,25.876483568338028,6.131747717699868,7.9975087279282775,234.1925311063951,1.224548029752312,0.363507236717411
POINT (81.22517762239437 25.873648670084506),81.22517762239437,25.873648670084506,6.130278748667111,7.998042910152496,234.3699563176859,1.2233560027323183,0.36340080301994504
POINT (81.22931142521126 25.870813771830985),81.22931142521126,25.870813771830985,6.128798266171343,7.998570621897676,234.54499146318398,1.2221696254616783,0.3632686506214525
POINT (81.23344522802816 25.867978873577464),81.23344522802816,25.867978873577464,6.127306328645824,7.999091748615985,234.71759772388276,1.2209890604737892,0.3631106202198884
POINT (81.23757903084507 25.865143975323942),81.23757903084507,25.865143975323942,6.125802990412622,7.999606176955347,234.88773677062284,1.219814468593982,0.36292655914159594
POINT (81.24171283366196 25.86230907707042),81.24171283366196,25.86230907707042,6.124288301608244,8.000113794776617,235.05537077077574,1.2186460089111246,0.3627163213871895
POINT (81.24584663647887 25.8594741788169),81.24584663647887,25.8594741788169,6.12276230810785,8.000614491169175,235.22046239444217,1.2174838387508369,0.36247976767534534
POINT (81.24998043929577 25.856639280563382),81.24998043929577,25.856639280563382,6.121225051448179,8.00110815646492,235.38297482015338,1.2163281136504174,0.3622167654845793
POINT (81.25411424211268 25.85380438230986),81.25411424211268,25.85380438230986,6.119676568749033,8.001594682250717,235.54287174009127,1.215178987335391,0.36192718909309185
POINT (81.25824804492957 25.85096948405634),81.25824804492957,25.85096948405634,6.118116892633362,8.002073961379232,235.7001173648126,1.2140366116977925,0.3616109196167688
POINT (81.26238184774648 25.848134585802818),81.26238184774648,25.848134585802818,6.116546051145801,8.002545887978162,235.85467642749293,1.2129011367760751,0.36126784504541976
POINT (81.26651565056338 25.845299687549296),81.26651565056338,25.845299687549296,6.114964067669745,8.003010357457905,236.00651418767868,1.211772710736765,0.36089786027735615
POINT (81.27064945338027 25.842464789295775),81.27064945338027,25.842464789295775,6.113370960842741,8.003467266517596,236.1555964345611,1.2106514798577528,0.36050086715239976
POINT (81.27478325619718 25.839629891042254),81.27478325619718,25.839629891042254,6.111766744470247,8.003916513149566,236.30188948976513,1.209537588513303,0.3600767744834276
POINT (81.27891705901408 25.836794992788732),81.27891705901408,25.836794992788732,6.110151427437631,8.004357996642174,236.44536020965882,1.2084311791607485,0.35962549808655775
POINT (81.28305086183099 25.83396009453521),81.28305086183099,25.83396009453521,6.108525013620296,8.004791617581066,236.58597598719027,1.207332392328833,0.35914696081007985
POINT (81.28718466464788 25.83112519628169),81.28718466464788,25.83112519628169,6.106887501791913,8.005217277848793,236.7237047532452,1.2062413666077627,0.3586410925622529
POINT (81.29131846746479 25.82829029802817),81.29131846746479,25.82829029802817,6.1052388855305395,8.005634880622845,236.85851497753964,1.205158238640884,0.3581078303380717
POINT (81.29545227028169 25.825455399774647),81.29545227028169,25.825455399774647,6.103579153122661,8.00604433037206,236.99037566903976,1.2040831431180439,0.35754711824514057
POINT (81.2995860730986 25.822620501521126),81.2995860730986,25.822620501521126,6.101908287464857,8.006445532851428,237.11925637592302,1.203016212770556,0.3569589075287519
POINT (81.30371987591549 25.819785603267604),81.30371987591549,25.819785603267604,6.100226265963135,8.006838395095285,237.24512718507307,1.201957578367821,0.3563431565963232
POINT (81.30785367873239 25.816950705014083),81.30785367873239,25.816950705014083,6.098533060429612,8.00722282540887,237.3679587211226,1.2009073687155245,0.35569983104129144
POINT (81.3119874815493 25.81411580676056),81.3119874815493,25.81411580676056,6.096828636976531,8.00759873335829,237.4877221450387,1.199865710655446,0.3550289036666219
POINT (81.31612128436619 25.81128090850704),81.31612128436619,25.81128090850704,6.0951129559073856,8.007966029758823,237.6043891522584,1.198832729066835,0.35433035450805217
POINT (81.3202550871831 25.808446010253522),81.3202550871831,25.808446010253522,6.093385971604905,8.008324626661631,237.7179319703798,1.1978085468693205,0.35360417085720225
POINT (81.32438889 25.805611112),81.32438889,25.805611112,6.091647632415861,8.008674437338806,237.8283233564053,1.1967932850273761,0.3528503472847098
POINT (81.3285226928169 25.80277621374648),81.3285226928169,25.80277621374648,6.0898978805323045,8.009015376266783,237.93553659354825,1.1957870625562623,0.3520688856635078
POINT (81.3326564956338 25.79994131549296),81.3326564956338,25.79994131549296,6.088136651869192,8.009347359108105,238.03954548759808,1.1947899965294788,0.35125979519241324
POINT (81.33679029845071 25.797106417239437),81.33679029845071,25.797106417239437,6.086363875937975,8.00967030269152,238.1403243628539,1.193802202087642,0.3504230924201442
POINT (81.3409241012676 25.794271518985916),81.3409241012676,25.794271518985916,6.084579475716079,8.009984124990394,238.2378480576214,1.1928237924488265,0.3495588012699489
POINT (81.3450579040845 25.791436620732394),81.3450579040845,25.791436620732394,6.082783367511843,8.010288745099446,238.33209191928242,1.1918548789202779,0.34866695306495793
POINT (81.34919170690141 25.788601722478873),81.34919170690141,25.788601722478873,6.080975460824751,8.01058408320979,238.42303179893338,1.1908955709115248,0.34774758655444504
POINT (81.3533255097183 25.78576682422535),81.3533255097183,25.78576682422535,6.079155658200558,8.010870060582196,238.51064404559398,1.1899459759488349,0.3468007479411376
POINT (81.35745931253521 25.78293192597183),81.35745931253521,25.78293192597183,6.0773238550810165,8.01114659951869,238.59490549999197,1.189006199690972,0.34582649090971695
POINT (81.36159311535211 25.78009702771831),81.36159311535211,25.78009702771831,6.075479939647865,8.011413623332286,238.67579348791512,1.188076345946271,0.3448248766567043
POINT (81.36572691816902 25.777262129464788),81.36572691816902,25.777262129464788,6.073623792660641,8.011671056315,238.75328581313863,1.1871565166909417,0.343795973921843
POINT (81.36986072098591 25.774427231211266),81.36986072098591,25.774427231211266,6.071755287288001,8.011918823703963,238.82736074991809,1.1862468120886343,0.34273985902119114
POINT (81.37399452380282 25.771592332957745),81.37399452380282,25.771592332957745,6.0698742889320245,8.012156851645718,238.89799703505284,1.1853473305111721,0.34165661588202956
POINT (81.37812832661972 25.768757434704224),81.37812832661972,25.768757434704224,6.0679806550451385,8.01238506715857,238.9651738595096,1.1844581685604867,0.3405463360798095
POINT (81.38226212943661 25.765922536450702),81.38226212943661,25.765922536450702,6.066074234939063,8.012603398092995,239.02887085960762,1.18357942109166,0.3394091188772454
POINT (81.38639593225352 25.76308763819718),81.38639593225352,25.76308763819718,6.064154869585376,8.012811773090046,239.0890681077551,1.1827111812371025,0.3382450712657675
POINT (81.39052973507042 25.760252739943663),81.39052973507042,25.760252739943663,6.062222391407057,8.013010121537675,239.14574610273183,1.1818535404318056,0.33705430800948527
POINT (81.39466353788733 25.757417841690142),81.39466353788733,25.757417841690142,6.060276624060402,8.01319837352495,239.19888575951114,1.1810065884396286,0.3358369516918037
POINT (81.39879734070422 25.75458294343662),81.39879734070422,25.75458294343662,6.058317382206774,8.013376459794072,239.24846839860675,1.1801704133806408,0.3345931327649276
POINT (81.40293114352113 25.7517480451831),81.40293114352113,25.7517480451831,6.0563444712733885,8.013544311690126,239.29447573493945,1.1793451017594292,0.33332298960234386
POINT (81.40706494633802 25.748913146929578),81.40706494633802,25.748913146929578,6.05435768720249,8.013701861108434,239.33688986620217,1.1785307384944033,0.3320266685545383
POINT (81.41119874915492 25.746078248676056),81.41119874915492,25.746078248676056,6.052356816188092,8.013849040439522,239.3756932607159,1.1777274069480228,0.3307043240080432
POINT (81.41533255197183 25.743243350422535),81.41533255197183,25.743243350422535,6.050341634399495,8.013985782511492,239.4108687447538,1.1769351889579633,0.32935611844805385
POINT (81.41946635478872 25.740408452169014),81.41946635478872,25.740408452169014,6.048311907690668,8.014112020529733,239.44239948931425,1.176154164869183,0.3279822225247653
POINT (81.42360015760563 25.737573553915492),81.42360015760563,25.737573553915492,6.046267391294498,8.014227688013861,239.47026899632306,1.17538441356685,0.32658281512358217
POINT (81.42773396042253 25.73473865566197),81.42773396042253,25.73473865566197,6.0442078295009924,8.014332718731717,239.4944610842358,1.174626012510163,0.3251580834394468
POINT (81.43186776323944 25.73190375740845),81.43186776323944,25.73190375740845,6.04213295531822,8.014427046630313,239.51495987301604,1.1738790377669877,0.3237082230553829
POINT (81.43600156605633 25.72906885915493),81.43600156605633,25.72906885915493,6.040042490114924,8.014510605763519,239.5317497684534,1.173143564049354,0.32223343802552573
POINT (81.44013536887324 25.726233960901407),81.44013536887324,25.726233960901407,6.037936143243434,8.01458333021637,239.54481544579122,1.1724196647497538,0.32073394096273145
POINT (81.44426917169014 25.723399062647886),81.44426917169014,25.723399062647886,6.035813611641657,8.014645154025759,239.55414183262076,1.1717074119782802,0.3192099531310451
POINT (81.44840297450703 25.720564164394364),81.44840297450703,25.720564164394364,6.033674579412556,8.014696011097302,239.55971409100178,1.171006876600558,0.31766170454312104
POINT (81.45253677732394 25.717729266140843),81.45253677732394,25.717729266140843,6.031518717379659,8.014735835118188,239.5615175987595,1.170318128276504,0.31608943406285944
POINT (81.45667058014084 25.714894367887325),81.45667058014084,25.714894367887325,6.029345682616892,8.01476455946571,239.55953792990744,1.169641235499913,0.3144933895134233
POINT (81.46080438295775 25.712059469633804),81.46080438295775,25.712059469633804,6.027155117950857,8.01478211711126,239.55376083413643,1.1689762656388538,0.3128738277907878
POINT (81.46493818577464 25.709224571380282),81.46493818577464,25.709224571380282,6.024946651433739,8.014788440519427,239.54417221530707,1.1683232849769418,0.31123101498311173
POINT (81.46907198859155 25.70638967312676),81.46907198859155,25.70638967312676,6.022719895784591,8.014783461541938,239.53075810887404,1.167682358755454,0.3095652264960101
POINT (81.47320579140845 25.70355477487324),81.47320579140845,25.70355477487324,6.02047444779689,8.014767111306037,239.51350465816665,1.167053551216367,0.30787674718404606
POINT (81.47733959422536 25.70071987661972),81.47733959422536,25.70071987661972,6.0182098877097605,8.014739320096957,239.4923980894394,1.1664369256463072,0.3061658714885318
POINT (81.48147339704225 25.697884978366197),81.48147339704225,25.697884978366197,6.0159257785403755,8.014700017234034,239.4674246856001,1.1658325444215019,0.3044329035819547
POINT (81.48560719985915 25.695050080112676),81.48560719985915,25.695050080112676,6.013621665374567,8.014649130940025,239.43857075851315,1.1652404690537428,0.30267815751912974
POINT (81.48974100267606 25.692215181859154),81.48974100267606,25.692215181859154,6.011297074612637,8.014586588203146,239.40582261976644,1.1646607602374566,0.3009019573953786
POINT (81.49387480549295 25.689380283605633),81.49387480549295,25.689380283605633,6.008951513167031,8.014512314631233,239.36916654977847,1.1640934778979486,0.2991046375119165
POINT (81.49800860830986 25.68654538535211),81.49800860830986,25.68654538535211,6.0065844676081515,8.01442623429751,239.3285887651111,1.1635386812408812,0.2972865425486322
POINT (81.50214241112675 25.68371048709859),81.50214241112675,25.68371048709859,6.004195403254625,8.014328269577279,239.2840753838421,1.1629964288031354,0.295448027744578
POINT (81.50627621394366 25.68087558884507),81.50627621394366,25.68087558884507,6.001783763203485,8.01421834097481,239.23561238883286,1.1624667785051153,0.29358945908628786
POINT (81.51041001676056 25.678040690591548),81.51041001676056,25.678040690591548,5.99934896729595,8.014096366939714,239.183185588718,1.1619497877046683,0.29171121350427764
POINT (81.51454381957747 25.675205792338026),81.51454381957747,25.675205792338026,5.996890411013547,8.013962263671933,239.12678057641932,1.1614455132527381,0.2898136790778562
POINT (81.51867762239436 25.672370894084505),81.51867762239436,25.672370894084505,5.994407464299353,8.013815944914434,239.06638268497554,1.160954011550949,0.2878972552486173
POINT (81.52281142521126 25.669535995830984),81.52281142521126,25.669535995830984,5.991899470298238,8.013657321732628,239.00197694044977,1.1604753386112732,0.2859623530427544
POINT (81.52694522802817 25.666701097577466),81.52694522802817,25.666701097577466,5.989365744009851,8.013486302279414,238.933548011665,1.1600095501180325,0.28400939530256747
POINT (81.53107903084506 25.663866199323945),81.53107903084506,25.663866199323945,5.986805570847201,8.013302791544643,238.86108015648384,1.1595567014924517,0.2820388169273965
POINT (81.53521283366197 25.661031301070423),81.53521283366197,25.661031301070423,5.984218205093204,8.013106691087733,238.78455716432467,1.1591168479600364,0.28005106512424854
POINT (81.53934663647887 25.658196402816902),81.53934663647887,25.658196402816902,5.98160286824692,8.012897898751987,238.7039622945812,1.1586900446210915,0.2780465996685057
POINT (81.54348043929578 25.65536150456338),81.54348043929578,25.65536150456338,5.97895874725019,8.012676308359046,238.61927821056975,1.1582763465246995,0.2760258931749222
POINT (81.54761424211267 25.65252660630986),81.54761424211267,25.65252660630986,5.9762849925849055,8.012441809381786,238.5304869086023,1.1578758087465622,0.2739894313793748
POINT (81.55174804492958 25.649691708056338),81.55174804492958,25.649691708056338,5.973580716229751,8.01219428659378,238.4375696417336,1.1574884864711077,0.2719377134315896
POINT (81.55588184774648 25.646856809802816),81.55588184774648,25.646856809802816,5.970844989464691,8.011933619693231,238.34050683769541,1.1571144350783613,0.269871252199358
POINT (81.56001565056337 25.644021911549295),81.56001565056337,25.644021911549295,5.968076840509857,8.011659682899165,238.23927801047162,1.1567537102360879,0.2677905745845105
POINT (81.56414945338028 25.641187013295774),81.56414945338028,25.641187013295774,5.965275251984617,8.01137234451735,238.13386166492228,1.1564063679978203,0.26569622185118585
POINT (81.56828325619718 25.638352115042252),81.56828325619718,25.638352115042252,5.962439158170919,8.011071466473233,238.02423519379818,1.1560724649074265,0.2635887499668096
POINT (81.57241705901409 25.63551721678873),81.57241705901409,25.63551721678873,5.959567442063495,8.01075690380888,237.91037476641986,1.1557520581109515,0.2614687299562341
POINT (81.57655086183098 25.63268231853521),81.57655086183098,25.63268231853521,5.95665893218787,8.010428504140549,237.79225520822584,1.1554452054765738,0.2593367482696808
POINT (81.58068466464789 25.62984742028169),81.58068466464789,25.62984742028169,5.953712399164928,8.010086107073299,237.6698498703003,1.1551519657235818,0.25719340716492534
POINT (81.58481846746479 25.627012522028167),81.58481846746479,25.627012522028167,5.95072655199895,8.00972954356855,237.5431304879125,1.1548723985614233,0.2550393251044992
POINT (81.58895227028168 25.624177623774646),81.58895227028168,25.624177623774646,5.947700034063189,8.0093586352601,237.41206702697698,1.1546065648399568,0.25287513716844706
POINT (81.59308607309859 25.621342725521124),81.59308607309859,25.621342725521124,5.944631418754758,8.008973193713706,237.2766275172472,1.1543545267122128,0.2507014954835081
POINT (81.59721987591548 25.618507827267607),81.59721987591548,25.618507827267607,5.941519204787258,8.008573019624656,237.1367778709097,1.1541163478110956,0.24851906966949922
POINT (81.6013536787324 25.615672929014085),81.6013536787324,25.615672929014085,5.938361811086239,8.00815790194734,236.99248168510542,1.1538920934416328,0.2463285473037531
POINT (81.60548748154929 25.612838030760564),81.60548748154929,25.612838030760564,5.935157571248983,8.007727616950014,236.84370002674757,1.1536818307905954,0.24413063440474836
POINT (81.6096212843662 25.610003132507043),81.6096212843662,25.610003132507043,5.9319047275253665,8.007281927187222,236.69039119780624,1.1534856291554871,0.2419260559358779
POINT (81.6137550871831 25.60716823425352),81.6137550871831,25.60716823425352,5.9286014242722835,8.006820580381621,236.53251047904394,1.1533035601951893,0.2397155563307569
POINT (81.61788889 25.604333336),81.61788889,25.604333336,5.925245700828084,8.006343308205766,236.3700098499292,1.1531356982047902,0.23749990004129404
POINT (81.6220226928169 25.60149843774648),81.6220226928169,25.60149843774648,5.921835483747946,8.005849824953597,236.20283768221938,1.1529821204174662,0.23527987211022
POINT (81.6261564956338 25.598663539492957),81.6261564956338,25.598663539492957,5.918368578333555,8.005339826089914,236.03093840437893,1.1528429073366127,0.23305627876965154
POINT (81.6302902984507 25.595828641239436),81.6302902984507,25.595828641239436,5.9148426593831775,8.004812986664952,235.85425213368933,1.1527181431018467,0.23082994806775453
POINT (81.6344241012676 25.592993742985914),81.6344241012676,25.592993742985914,5.9112552610789475,8.004268959579436,235.6727142725099,1.15260791589294,0.22860173052564195
POINT (81.63855790408451 25.590158844732393),81.63855790408451,25.590158844732393,5.907603765918128,8.003707373683868,235.48625506471632,1.152512318376271,0.22637249982692584
POINT (81.6426917069014 25.58732394647887),81.6426917069014,25.58732394647887,5.9038853925839065,8.003127831693682,235.29479910786947,1.1524314481989693,0.22414315354283332
POINT (81.64682550971831 25.58448904822535),81.64682550971831,25.58448904822535,5.900097182637728,8.002529907899648,235.09826481608098,1.1523654085365955,0.2219146138958986
POINT (81.6509593125352 25.58165414997183),81.6509593125352,25.58165414997183,5.896235985900798,8.001913145650311,234.89656382793376,1.1523143087009808,0.2196878285659758
POINT (81.65509311535212 25.578819251718308),81.65509311535212,25.578819251718308,5.892298444374701,8.001277054580209,234.6896003530544,1.1522782648157086,0.21746377154250077
POINT (81.65922691816901 25.575984353464786),81.65922691816901,25.575984353464786,5.888280974532232,8.000621107554238,234.47727045013394,1.152257400567751,0.21524344402781415
POINT (81.6633607209859 25.573149455211265),81.6633607209859,25.573149455211265,5.884179747786432,7.99994473729455,234.25946122820008,1.1522518480449115,0.213027875396711
POINT (81.66749452380282 25.570314556957747),81.66749452380282,25.570314556957747,5.879990668920652,7.999247332651943,234.03604996187417,1.1522617486700648,0.21081812421842078
POINT (81.67162832661971 25.567479658704226),81.67162832661971,25.567479658704226,5.8757093522324615,7.998528234478386,233.80690311006308,1.1522872542447125,0.20861527934793697
POINT (81.67576212943662 25.564644760450705),81.67576212943662,25.564644760450705,5.871331095109971,7.997786731051423,233.57187522606978,1.1523285281161506,0.2064204610946642
POINT (81.67989593225352 25.561809862197183),81.67989593225352,25.561809862197183,5.866850848719995,7.997022052994243,233.33080774544152,1.1523857464845735,0.20423482247769287
POINT (81.68402973507042 25.558974963943662),81.68402973507042,25.558974963943662,5.862263185440976,7.996233367627125,233.08352763588294,1.1524590998688304,0.20205955057817385
POINT (81.68816353788732 25.55614006569014),81.68816353788732,25.55614006569014,5.857562262621259,7.995419772676753,232.82984589133315,1.152548794752285,0.19989586800118933
POINT (81.69229734070423 25.55330516743662),81.69229734070423,25.55330516743662,5.852741782180508,7.994580289258944,232.56955584962142,1.152655055433439,0.19774503446112723
POINT (81.69643114352112 25.550470269183098),81.69643114352112,25.550470269183098,5.847794945500969,7.993713854037809,232.30243131008694,1.152778126109704,0.1956083485071239
POINT (81.70056494633802 25.547635370929576),81.70056494633802,25.547635370929576,5.8427144029701665,7.992819310449565,232.02822442391374,1.1529182732270766,0.1934871494074681
POINT (81.70469874915493 25.544800472676055),81.70469874915493,25.544800472676055,5.8374921974388645,7.991895398861959,231.74666332576476,1.1530757881335474,0.19138281921523542
POINT (81.70883255197182 25.541965574422534),81.70883255197182,25.541965574422534,5.832119700742175,7.990940745520115,231.45744947035521,1.1532509900800894,0.18929678504090808
POINT (81.71296635478873 25.539130676169012),81.71296635478873,25.539130676169012,5.826587542295835,7.989953850105693,231.16025463180802,1.1534442296200629,0.18723052156205264
POINT (81.71710015760563 25.53629577791549),81.71710015760563,25.53629577791549,5.820885528620381,7.988933071708437,230.85471751685105,1.1536558924661773,0.1851855538054055
POINT (81.72123396042254 25.53346087966197),81.72123396042254,25.53346087966197,5.815002552456334,7.987876612975963,230.54043993482722,1.1538864038739,0.18316346024250285
POINT (81.72536776323943 25.53062598140845),81.72536776323943,25.53062598140845,5.80892648991163,7.986782502168799,230.216982458038,1.1541362336317411,0.18116587624748443
POINT (81.72950156605634 25.527791083154927),81.72950156605634,25.527791083154927,5.80264408381719,7.985648572801273,229.88385949463395,1.1544059017525234,0.17919449797395512
POINT (81.73363536887324 25.524956184901406),81.73363536887324,25.524956184901406,5.796140811154374,7.984472440494111,229.5405336829696,1.1546959849759157,0.17725108671828402
POINT (81.73776917169013 25.522121286647884),81.73776917169013,25.522121286647884,5.789400732044717,7.983251476599404,229.18640950043837,1.1550071242118092,0.17533747384860912
POINT (81.74190297450704 25.519286388394367),81.74190297450704,25.519286388394367,5.7824063173506355,7.981982778081172,228.82082596099758,1.1553400330769346,0.17345556639361925
POINT (81.74603677732394 25.516451490140845),81.74603677732394,25.516451490140845,5.7751382514083,7.980663133042511,228.44304825313498,1.1556955077043825,0.1716073534024411
POINT (81.75017058014085 25.513616591887324),81.75017058014085,25.513616591887324,5.7675752057865735,7.979288981180544,228.05225814333178,1.1560744380380867,0.16979491320783305
POINT (81.75430438295774 25.510781693633803),81.75430438295774,25.510781693633803,5.75969357922024,7.977856368319849,227.64754293835196,1.1564778208628022,0.1680204217499918
POINT (81.75843818577465 25.50794679538028),81.75843818577465,25.50794679538028,5.75146719797774,7.976360894019834,227.22788276191255,1.1569067748659438,0.16628616214797498
POINT (81.76257198859155 25.50511189712676),81.76257198859155,25.50511189712676,5.742866969874221,7.9747976510677985,226.79213585667537,1.157362558081716,0.16459453574173424
POINT (81.76670579140846 25.50227699887324),81.76670579140846,25.50227699887324,5.733860483900014,7.973161155452529,226.33902156976632,1.157846588131886,0.1629480748700975
POINT (81.77083959422535 25.499442100619717),81.77083959422535,25.499442100619717,5.724411545985594,7.971445265159851,225.86710061848763,1.158360465752077,0.16134945770080236
POINT (81.77497339704225 25.496607202366196),81.77497339704225,25.496607202366196,5.714479639744362,7.969643085837899,225.3747521615835,1.1589060021787436,0.1598015254878487
POINT (81.77910719985915 25.493772304112674),81.77910719985915,25.493772304112674,5.704019299129406,7.967746861046945,224.8601471206484,1.1594852510696552,0.1583073027006529
POINT (81.78324100267605 25.490937405859153),81.78324100267605,25.490937405859153,5.69297937783648,7.965747844441034,224.32121710717973,1.1601005457382325,0.1568700205479069
POINT (81.78737480549296 25.488102507605632),81.78737480549296,25.488102507605632,5.681302198079131,7.963636150843616,223.75561821758583,1.1607545425943024,0.15549314450559612
POINT (81.79150860830985 25.48526760935211),81.79150860830985,25.48526760935211,5.66892255926106,7.9614005828132335,223.160688870132,1.161450271789676,0.1541804065487732
POINT (81.79564241112676 25.48243271109859),81.79564241112676,25.48243271109859,5.655766585482174,7.959028429019485,222.53340079183084,1.1621911961449527,0.15293584287002088
POINT (81.79977621394366 25.479597812845068),81.79977621394366,25.479597812845068,5.641750390521018,7.956505230701483,221.8703022533083,1.162981279442901,0.15176383792473666
POINT (81.80391001676057 25.476762914591546),81.80391001676057,25.476762914591546,5.626778541347515,7.953814512908152,221.16745275616105,1.1638250650396564,0.1506691756355755
POINT (81.80804381957746 25.47392801633803),81.80804381957746,25.47392801633803,5.610742308907408,7.950937478572843,220.42034871050686,1.1647277653330825,0.14965709844572356
POINT (81.81217762239436 25.471093118084507),81.81217762239436,25.471093118084507,5.593517712465039,7.947852666557316,219.62384039650337,1.1656953616982892,0.1487333745031996
POINT (81.81631142521127 25.468258219830986),81.81631142521127,25.468258219830986,5.574963399432083,7.944535581056275,218.77204203524843,1.1667347126229555,0.1479043723515444
POINT (81.82044522802816 25.465423321577465),81.82044522802816,25.465423321577465,5.554918471127268,7.940958311774049,217.8582397340537,1.1678536641780823,0.14717714066717227
POINT (81.82457903084507 25.462588423323943),81.82457903084507,25.462588423323943,5.533200493070695,7.937089186760588,216.87480756333298,1.1690611502468975,0.1465594870373938
POINT (81.82871283366197 25.459753525070422),81.82871283366197,25.459753525070422,5.509604165061492,7.932892541284032,215.81315215564342,1.1703672575593551,0.1460600430723169
POINT (81.83284663647888 25.4569186268169),81.83284663647888,25.4569186268169,5.483901561514568,7.928328762408398,214.66372484256203,1.171783207848334,0.1456882906038222
POINT (81.83698043929577 25.45408372856338),81.83698043929577,25.45408372856338,5.455845654534031,7.923354909505545,213.41617464886866,1.1733211675985846,0.1454545002967395
POINT (81.84111424211267 25.451248830309858),81.84111424211267,25.451248830309858,5.425180318684967,7.917926471418874,212.05977901764044,1.174993718367574,0.14536949007266106
POINT (81.84524804492958 25.448413932056337),81.84524804492958,25.448413932056337,5.391662794485077,7.912001307758863,210.5844078709118,1.1768126759434165,0.14544402783526944
POINT (81.84938184774647 25.445579033802815),81.84938184774647,25.445579033802815,5.3551098271996445,7.905547739766999,208.98250046717348,1.1787866738561577,0.1456875451872208
POINT (81.85351565056338 25.442744135549294),81.85351565056338,25.442744135549294,5.315488658738001,7.898560501174386,207.25295996315484,1.1809164085678356,0.14610552621730946
POINT (81.85764945338028 25.439909237295772),81.85764945338028,25.439909237295772,5.273093053238432,7.891091587991344,205.40868192731037,1.1831854558061137,0.14669435302712033
POINT (81.86178325619719 25.43707433904225),81.86178325619719,25.43707433904225,5.228880518942206,7.883309347957746,203.49096875207675,1.1855426984260324,0.14743127598276995
POINT (81.86591705901408 25.43423944078873),81.86591705901408,25.43423944078873,5.185112875832577,7.8756107053180235,201.59689684388073,1.1878689818931847,0.14825510881329607
POINT (81.87005086183099 25.43140454253521),81.87005086183099,25.43140454253521,5.146552622285185,7.868830726946624,199.93040527235297,1.1899148984715862,0.1490297239800931
POINT (81.87418466464788 25.428569644281687),81.87418466464788,25.428569644281687,5.122604531533907,7.864617699984917,198.89370151734153,1.1911895335690867,0.14947782547424
POINT (81.87831846746478 25.42573474602817),81.87831846746478,25.42573474602817,5.130755065999784,7.866035368266905,199.2339550702977,1.190782051662899,0.14907263665619705
POINT (81.88245227028169 25.422899847774648),81.88245227028169,25.422899847774648,5.200580994501761,7.878264464903577,202.21399176800048,1.1871544414364479,0.14690650306013972
POINT (81.88658607309858 25.420064949521127),81.88658607309858,25.420064949521127,5.373164156850615,7.908498889202957,209.58632717965557,1.178174369580064,0.1416905273950399
POINT (81.8907198759155 25.417230051267605),81.8907198759155,25.417230051267605,5.681873679235784,7.96257793518217,222.77145216556946,1.162117183378288,0.1323212400010635
POINT (81.89485367873239 25.414395153014084),81.89485367873239,25.414395153014084,6.104921607171214,8.036676889859917,240.8328328078138,1.1401306268874425,0.11934734996109829
POINT (81.8989874815493 25.411560254760563),81.8989874815493,25.411560254760563,6.536734512828418,8.112299057163492,259.2594775416156,1.117710974532123,0.10593834591220254
POINT (81.9031212843662 25.40872535650704),81.9031212843662,25.40872535650704,6.855952650373725,8.168192337571606,272.87362698729635,1.1011571478274924,0.09588278676125576
POINT (81.9072550871831 25.40589045825352),81.9072550871831,25.40589045825352,7.020445126127609,8.196987425041081,279.8841000784301,1.0926398015117553,0.0906125767525746
POINT (81.91138889 25.40305556),81.91138889,25.40305556,7.0634222631094765,8.204508739650414,281.7142594296228,1.090418435326587,0.08920910395584176
POINT (81.9086111125 25.40725694875),81.9086111125,25.40725694875,7.018967579359706,8.19672870179122,279.8210710258849,1.0927164433607974,0.09065877749392139
POINT (81.905833335 25.4114583375),81.905833335,25.4114583375,6.841324179192405,8.165630265146845,272.249186995789,1.101917048262702,0.09633264071245594
POINT (81.9030555575 25.41565972625),81.9030555575,25.41565972625,6.475966431010463,8.101654338237639,256.6643217637107,1.1208706995189741,0.10778588838677008
POINT (81.90027778 25.419861115),81.90027778,25.419861115,5.954315392891353,8.010291437861106,234.39825413625994,1.1479685805608855,0.12387437587646134
POINT (81.8975000025 25.42406250375),81.8975000025,25.42406250375,5.432464545300477,7.918875827441544,212.11044910851584,1.1751093567721247,0.13972154906863243
POINT (81.894722225 25.4282638925),81.894722225,25.4282638925,5.066678063508354,7.854786114764172,196.47842997475874,1.1941563325205349,0.1506474688648371
POINT (81.8919444475 25.43246528125),81.8919444475,25.43246528125,4.888671820187604,7.823590501717041,188.8659828274119,1.2034375797196992,0.15586284848289816
POINT (81.88916667 25.43666667),81.88916667,25.43666667,4.844084507042254,7.815774647887324,186.95774647887325,1.2057656338028169,0.15714084507042253
POINT (81.89377410402876 25.434637413381296),81.89377410402876,25.434637413381296,4.886484103426893,7.8232073333219105,188.77259193827405,1.2035512471790786,0.15593006142005178
POINT (81.89838153805755 25.43260815676259),81.89838153805755,25.43260815676259,5.0414638891266454,7.850370119280952,195.40219977750266,1.1954660664582581,0.15142478412876578
POINT (81.90298897208632 25.430578900143885),81.90298897208632,25.430578900143885,5.324483525289888,7.899965434587595,207.50248321903518,1.180715769365644,0.14307048918617382
POINT (81.9075964061151 25.42854964352518),81.9075964061151,25.42854964352518,5.686390980696257,7.963375855977795,222.96882564543102,1.1618693859598785,0.13225748422773725
POINT (81.91220384014387 25.426520386906475),81.91220384014387,25.426520386906475,6.031631392850663,8.023859739128746,237.7181465368124,1.1439017044390243,0.12185053837634842
POINT (81.91681127417266 25.42449113028777),81.91681127417266,25.42449113028777,6.289517439275992,8.06903806726238,248.73422848780118,1.1304825433025436,0.1140493449148911
POINT (81.92141870820143 25.422461873669064),81.92141870820143,25.422461873669064,6.447480450575596,8.096715116510659,255.4847254268901,1.1222545085689306,0.10931842575890643
POINT (81.92602614223021 25.42043261705036),81.92602614223021,25.42043261705036,6.527611205038976,8.110765126143454,258.91638641622586,1.1180600684297317,0.10704612330705923
POINT (81.93063357625898 25.418403360431654),81.93063357625898,25.418403360431654,6.5575527360295345,8.116032770816515,260.2114529220982,1.116456735977261,0.10642076607489973
POINT (81.93524101028777 25.416374103812952),81.93524101028777,25.416374103812952,6.55842937156271,8.116219419026722,260.2727277477197,1.1163435254281022,0.10680921043072766
POINT (81.93984844431654 25.414344847194247),81.93984844431654,25.414344847194247,6.543741761958888,8.113690331140457,259.67695423706374,1.1170170712508938,0.10780128782388136
POINT (81.94445587834532 25.412315590575542),81.94445587834532,25.412315590575542,6.521443398468044,8.109838832820685,258.76381316274103,1.1180628733494995,0.10915257302283043
POINT (81.9490633123741 25.410286333956837),81.9490633123741,25.410286333956837,6.49602576657433,8.105451762418816,257.72510986099377,1.1192465172420285,0.11072349942172514
POINT (81.95367074640288 25.40825707733813),81.95367074640288,25.40825707733813,6.4699518792514485,8.100960653407737,256.6660444126969,1.1204389963599344,0.11243663568964012
POINT (81.95827818043165 25.406227820719426),81.95827818043165,25.406227820719426,6.444528074662613,8.09659446582437,255.64245483301175,1.1215713395439586,0.11425036112150808
POINT (81.96288561446043 25.40419856410072),81.96288561446043,25.40419856410072,6.420409405199639,8.092468114323035,254.6823985598044,1.1226083285158484,0.11614343920639408
POINT (81.9674930484892 25.402169307482016),81.9674930484892,25.402169307482016,6.3978874918132815,8.088632884564593,253.79843981078042,1.1235335391624268,0.11810613993252794
POINT (81.97210048251799 25.40014005086331),81.97210048251799,25.40014005086331,6.37705373068435,8.085105014129173,252.9946133053694,1.1243408668518764,0.12013515096394564
POINT (81.97670791654676 25.398110794244605),81.97670791654676,25.398110794244605,6.357891854121348,8.08188189919412,252.2703717341091,1.1250297243328589,0.12223065513564398
POINT (81.98131535057553 25.3960815376259),81.98131535057553,25.3960815376259,6.340330446869716,8.078951287787113,251.62282406281022,1.1256023200911516,0.12439464657036012
POINT (81.98592278460431 25.394052281007195),81.98592278460431,25.394052281007195,6.324272654868845,8.076296478957273,251.04800070725523,1.1260621208780615,0.1266299586854093
POINT (81.99053021863308 25.39202302438849),81.99053021863308,25.39202302438849,6.3096128265912705,8.073899233843399,250.54156136954887,1.126412992236225,0.12893970416385214
POINT (81.99513765266187 25.389993767769784),81.99513765266187,25.389993767769784,6.296245631076982,8.071741369594116,250.09918213534252,1.1266587290770986,0.1313269548432098
POINT (81.99974508669064 25.38796451115108),81.99974508669064,25.38796451115108,6.284070835837038,8.069805593559936,249.71675763321707,1.1268028110906474,0.13379456192899963
POINT (82.00435252071942 25.385935254532374),82.00435252071942,25.385935254532374,6.272995587639934,8.068075900459181,249.39049685574872,1.1268482873961592,0.13634505835384805
POINT (82.00895995474819 25.38390599791367),82.00895995474819,25.38390599791367,6.262935270721432,8.066537720640056,249.11695845018878,1.1267977347481875,0.13898060902027456
POINT (82.01356738877698 25.381876741294963),82.01356738877698,25.381876741294963,6.2538135717842716,8.065177929606998,248.89305229627527,1.1266532567150633,0.1417029886276003
POINT (82.01817482280575 25.379847484676258),82.01817482280575,25.379847484676258,6.24556212084427,8.063984783401747,248.7160230879074,1.1264165047483365,0.14451357501638024
POINT (82.02278225683453 25.377818228057553),82.02278225683453,25.377818228057553,6.238119923544857,8.062947817568057,248.58342509480443,1.1260887100133408,0.14741335086379564
POINT (82.0273896908633 25.37578897143885),82.0273896908633,25.37578897143885,6.231432709589806,8.062057731504888,248.49309340398636,1.1256707195618016,0.1504029095006015
POINT (82.03199712489209 25.373759714820146),82.03199712489209,25.373759714820146,6.225452267819345,8.061306270540577,248.44311463600525,1.1251630332268652,0.15348246239189017
POINT (82.03660455892086 25.37173045820144),82.03660455892086,25.37173045820144,6.220135806260903,8.06068611242751,248.4317987607699,1.1245658392839983,0.15665184689452122
POINT (82.04121199294964 25.369701201582735),82.04121199294964,25.369701201582735,6.2154453564213705,8.060190761622087,248.45765282727498,1.1238790479039402,0.15991053355229792
POINT (82.04581942697841 25.36767194496403),82.04581942697841,25.36767194496403,6.211347229929728,8.059814452763938,248.5193569477033,1.1231023219978038,0.16325763257934317
POINT (82.0504268610072 25.365642688345325),82.0504268610072,25.365642688345325,6.207811529242932,8.05955206365075,248.61574260532456,1.122235105381782,0.16669189941503273
POINT (82.05503429503597 25.36361343172662),82.05503429503597,25.36361343172662,6.204811710605115,8.059399037390188,248.74577320671963,1.121276648368275,0.17021173936903874
POINT (82.05964172906475 25.361584175107915),82.05964172906475,25.361584175107915,6.202324195643358,8.05935131309554,248.90852672297697,1.120226030980738,0.1738152114522537
POINT (82.06424916309352 25.35955491848921),82.06424916309352,25.35955491848921,6.200328027196507,8.059405264355373,249.10318023184922,1.11908218402793,0.17750003152931826
POINT (82.0688565971223 25.357525661870504),82.0688565971223,25.357525661870504,6.198804564774177,8.059557644673621,249.32899616517506,1.1178439082810807,0.18126357494783268
POINT (82.07346403115108 25.3554964052518),82.07346403115108,25.3554964052518,6.197737215174756,8.059805539100397,249.58531007208003,1.1165098919887806,0.1851028788044321
POINT (82.07807146517985 25.353467148633094),82.07807146517985,25.353467148633094,6.197111194092968,8.06014632132769,249.8715197219327,1.115078726946672,0.18901464400671417
POINT (82.08267889920863 25.35143789201439),82.08267889920863,25.35143789201439,6.196913314928191,8.060577615591004,250.18707538766142,1.1135489233177218,0.19299523728336831
POINT (82.0872863332374 25.349408635395683),82.0872863332374,25.349408635395683,6.197131801406718,8.061097262789295,250.53147116758998,1.111918923376267,0.1970406932869335
POINT (82.09189376726619 25.347379378776978),82.09189376726619,25.347379378776978,6.197756121025029,8.061703290304651,250.90423722105712,1.1101871143270594,0.2011467169243195
POINT (82.09650120129496 25.345350122158273),82.09650120129496,25.345350122158273,6.198776836689768,8.062393885068252,251.30493280902664,1.1083518403301214,0.20530868604018704
POINT (82.10110863532374 25.343320865539567),82.10110863532374,25.343320865539567,6.2001854742655755,8.063167369478029,251.73314004545466,1.1064114138432168,0.20952165456928915
POINT (82.10571606935251 25.341291608920862),82.10571606935251,25.341291608920862,6.2019744040424625,8.064022179826292,252.18845827809105,1.104364126377148,0.21378035626374708
POINT (82.1103235033813 25.339262352302157),82.1103235033813,25.339262352302157,6.204136734399742,8.064956846942174,252.6704990288767,1.102208258743805,0.21807920909281336
POINT (82.11493093741007 25.33723309568345),82.11493093741007,25.33723309568345,6.206666216176327,8.065969978794506,253.17888143402698,1.0999420908640092,0.222412320403042
POINT (82.11953837143885 25.33520383906475),82.11953837143885,25.33520383906475,6.209557156460013,8.067060244836261,253.71322813262634,1.097563911190298,0.22677349291887078
POINT (82.12414580546762 25.333174582446045),82.12414580546762,25.333174582446045,6.212804340684219,8.068226361902349,254.27316155997167,1.0950720257900626,0.23115623165438193
POINT (82.1287532394964 25.33114532582734),82.1287532394964,25.33114532582734,6.216402962073056,8.069467081499136,254.85830060840826,1.09246476712539,0.23555375179939314
POINT (82.13336067352517 25.329116069208634),82.13336067352517,25.329116069208634,6.220348557606788,8.070781178346643,255.46825762382213,1.0897405025587605,0.23995898763400755
POINT (82.13796810755396 25.32708681258993),82.13796810755396,25.32708681258993,6.224636949793181,8.072167440054185,256.10263571072176,1.086897642606957,0.24436460251826028
POINT (82.14257554158273 25.325057555971224),82.14257554158273,25.325057555971224,6.229264193627301,8.073624657826574,256.7610263227234,1.083934648960446,0.24876299999451498
POINT (82.14718297561151 25.32302829935252),82.14718297561151,25.32302829935252,6.234226528206334,8.075151618112494,257.44300711869363,1.0808500422804506,0.2531463360328243
POINT (82.15179040964028 25.320999042733813),82.15179040964028,25.320999042733813,6.239520332537292,8.076747095118533,258.1481400675084,1.0776424097825772,0.2575065324404723
POINT (82.15639784366907 25.318969786115108),82.15639784366907,25.318969786115108,6.245142085137395,8.07840984412271,258.87596978681364,1.074310412612266,0.26183529144950185
POINT (82.16100527769784 25.316940529496403),82.16100527769784,25.316940529496403,6.251088327078775,8.080138595529814,259.6260221029812,1.0708527930153926,0.2661241114870911
POINT (82.16561271172661 25.314911272877698),82.16561271172661,25.314911272877698,6.257355628174503,8.081932049618128,260.3978028211097,1.0672683813049924,0.27036430412631846
POINT (82.1702201457554 25.312882016258992),82.1702201457554,25.312882016258992,6.263940556040256,8.083788871933056,261.1907966950563,1.0635561026242475,0.2745470122062025
POINT (82.17482757978416 25.310852759640287),82.17482757978416,25.310852759640287,6.2708396477984065,8.085707689288006,262.0044665885107,1.059714983504819,0.2786632291025154
POINT (82.17943501381295 25.308823503021582),82.17943501381295,25.308823503021582,6.2780493842184075,8.087687086337008,262.83825281884566,1.0557441582192866,0.2827038191232657
POINT (82.18404244784172 25.306794246402877),82.18404244784172,25.306794246402877,6.28556616610924,8.089725602686553,263.69157267592584,1.051642874926934,0.28665953899502616
POINT (82.1886498818705 25.30476498978417),82.1886498818705,25.30476498978417,6.293386292799394,8.09182173051678,264.56382010851553,1.0474105016121382,0.29052106039996
POINT (82.19325731589927 25.302735733165466),82.19325731589927,25.302735733165466,6.301505942553972,8.093973912683937,265.45436557098054,1.0430465318161686,0.2942789935161128
POINT (82.19786474992806 25.30070647654676),82.19786474992806,25.30070647654676,6.309921154792156,8.09618054127753,266.36255602318533,1.0385505901638072,0.29792391150817227
POINT (82.20247218395683 25.298677219928056),82.20247218395683,25.298677219928056,6.318627813976913,8.09843995660644,267.2877150763085,1.0339224376884883,0.30144637590963896
POINT (82.20707961798561 25.29664796330935),82.20707961798561,25.29664796330935,6.3276216350577235,8.100750446589082,268.2291432773174,1.0291619769607898,0.3048369628330938
POINT (82.21168705201438 25.29461870669065),82.21168705201438,25.29461870669065,6.336898150351719,8.103110246522721,269.186118524512,1.0242692570279515,0.3080862899402717
POINT (82.21629448604317 25.292589450071944),82.21629448604317,25.292589450071944,6.346452697754168,8.10551753920752,270.15789660646425,1.0192444781736498,0.31118504410071873
POINT (82.22090192007194 25.29056019345324),82.22090192007194,25.29056019345324,6.356280410170744,8.10797045540039,271.1437118562526,1.0140879965105327,0.31412400966431236
POINT (82.22550935410072 25.288530936834533),82.22550935410072,25.288530936834533,6.366376206067381,8.110467074573936,272.1427779127781,1.008800328419793,0.31689409727147794
POINT (82.2301167881295 25.286501680215828),82.2301167881295,25.286501680215828,6.376734781032862,8.113005425955038,273.1542885804936,1.003382154855623,0.3194863731230491
POINT (82.23472422215828 25.284472423597123),82.23472422215828,25.284472423597123,6.387350600251191,8.115583489817654,274.1774187787687,0.9978343255342617,0.3218920886318219
POINT (82.23933165618705 25.282443166978418),82.23933165618705,25.282443166978418,6.398217891778936,8.118199199003737,275.21132557170097,0.9921578630309773,0.3241027103776349
POINT (82.24393909021583 25.280413910359712),82.24393909021583,25.280413910359712,6.409330640523848,8.120850440646144,276.2551492691242,0.9863539668101401,0.32610995028943834
POINT (82.2485465242446 25.278384653741007),82.2485465242446,25.278384653741007,6.420682582818705,8.123535058066794,277.30801458922616,0.9804240172170539,0.32790579597919295
POINT (82.25315395827339 25.276355397122302),82.25315395827339,25.276355397122302,6.432267201485261,8.12625085282354,278.3690318732278,0.9743695794617737,0.32948254115547654
POINT (82.25776139230216 25.274326140503597),82.25776139230216,25.274326140503597,6.444077721280944,8.128995586878727,279.4372983423391,0.9681924076283577,0.3308328160474771
POINT (82.26236882633093 25.27229688388489),82.26236882633093,25.27229688388489,6.456107104622289,8.131766984862878,280.51189938737326,0.9618944487441062,0.33194961777424326
POINT (82.26697626035971 25.270267627266186),82.26697626035971,25.270267627266186,6.468348047477646,8.134562736406819,281.5919098813147,0.9554778469459476,0.33282634059802607
POINT (82.27158369438848 25.26823837064748),82.27158369438848,25.26823837064748,6.480792975323224,8.137380498516116,282.67639550536984,0.948944947782024,0.3334568060054379
POINT (82.27619112841727 25.266209114028776),82.27619112841727,25.266209114028776,6.493434039057728,8.140217897962325,283.76441407924983,0.9422983026875238,0.3338352925650527
POINT (82.28079856244604 25.26417985741007),82.28079856244604,25.26417985741007,6.50626311077169,8.143072533666041,284.8550168866259,0.9355406736749792,0.3339565655150631
POINT (82.28540599647482 25.262150600791365),82.28540599647482,25.262150600791365,6.519271779272001,8.145941979048041,285.9472499872284,0.9286750382783926,0.3338159060398775
POINT (82.29001343050359 25.26012134417266),82.29001343050359,25.26012134417266,6.53245134526376,8.148823784325616,287.04015550733584,0.9217045947911414,0.3334091401993194
POINT (82.29462086453238 25.258092087553955),82.29462086453238,25.258092087553955,6.545792816098219,8.151715478732946,288.13277290110574,0.9146327678354519,0.33273266747887276
POINT (82.29922829856115 25.25606283093525),82.29922829856115,25.25606283093525,6.559286899999161,8.154614572645546,289.2241401756234,0.9074632143005826,0.3317834889334979
POINT (82.30383573258993 25.254033574316548),82.30383573258993,25.254033574316548,6.57292399968894,8.157518559591006,290.31329507339865,0.9001998296832997,0.3305592349011183
POINT (82.3084431666187 25.252004317697843),82.3084431666187,25.252004317697843,6.586694205341385,8.160424918129877,291.3992762066061,0.8928467548620984,0.32905819226457295
POINT (82.31305060064749 25.249975061079137),82.31305060064749,25.249975061079137,6.600587286800152,8.16333111359313,292.4811241383508,0.885408383331472,0.3272793312425104
POINT (82.31765803467626 25.247945804460432),82.31765803467626,25.247945804460432,6.614592685009758,8.166234599664628,293.55788240693397,0.8778893689186543,0.32522233169025194
POINT (82.32226546870504 25.245916547841727),82.32226546870504,25.245916547841727,6.628699502620806,8.169132819800089,294.6285984901917,0.870294633998259,0.3228876088906903
POINT (82.32687290273381 25.24388729122302),82.32687290273381,25.24388729122302,6.642896493742371,8.172023208476364,295.6923247077762,0.8626293782144857,0.32027633881302875
POINT (82.3314803367626 25.241858034604316),82.3314803367626,25.241858034604316,6.657172052832013,8.174903192268195,296.7481190604427,0.8548990877113851,0.3173904828127803
POINT (82.33608777079137 25.23982877798561),82.33608777079137,25.23982877798561,6.671514202728497,8.177770190752463,297.79504600627735,0.847109544863807,0.3142328117406664
POINT (82.34069520482015 25.237799521366906),82.34069520482015,25.237799521366906,6.6859105818531965,8.180621617243501,298.83217717506716,0.8392668384901457,0.3108069294196046
POINT (82.34530263884892 25.2357702647482),82.34530263884892,25.2357702647482,6.700348430624058,8.183454879366163,299.8585920229334,0.8313773745177346,0.30711729543900484
POINT (82.34991007287769 25.233741008129495),82.34991007287769,25.233741008129495,6.714814577150598,8.186267379477297,300.87337843065376,0.8234478870577339,0.3031692472025132
POINT (82.35451750690648 25.23171175151079),82.35451750690648,25.23171175151079,6.729295422300108,8.189056514949604,301.87563325006545,0.8154854498333655,0.2989690211505936
POINT (82.35912494093525 25.229682494892085),82.35912494093525,25.229682494892085,6.743776924252398,8.191819678335897,302.86446280417334,0.8074974878892203,0.29452377306143657
POINT (82.36373237496403 25.22765323827338),82.36373237496403,25.22765323827338,6.758244582687977,8.194554257435676,303.8389833477006,0.7994917894925646,0.2898415973133752
POINT (82.3683398089928 25.225623981654675),82.3683398089928,25.225623981654675,6.772683422782619,8.197257635289619,304.79832149582865,0.7914765181201222,0.28493154496948986
POINT (82.37294724302158 25.22359472503597),82.37294724302158,25.22359472503597,6.787077979214498,8.199927190131998,305.74161463009204,0.7834602244031964,0.2798036405190771
POINT (82.37755467705036 25.221565468417264),82.37755467705036,25.221565468417264,6.8014122804204336,8.202560295334589,306.6680112912596,0.775451857884485,0.2744688970833938
POINT (82.38216211107914 25.21953621179856),82.38216211107914,25.21953621179856,6.815669833374324,8.205154319380043,307.57667157017363,0.7674607784166725,0.2689393298620865
POINT (82.38676954510791 25.217506955179854),82.38676954510791,25.217506955179854,6.829833609194013,8.207706625906205,308.46676750826924,0.7594967670111016,0.26322796756503714
POINT (82.3913769791367 25.215477698561152),82.3913769791367,25.215477698561152,6.8438860299214745,8.210214573867006,309.3374835204764,0.751570035919537,0.25734886153928965
POINT (82.39598441316546 25.213448441942447),82.39598441316546,25.213448441942447,6.857808956856036,8.212675517858923,310.1880168537885,0.7436912377086087,0.25131709226576765
POINT (82.40059184719425 25.21141918532374),82.40059184719425,25.21141918532374,6.871583680859714,8.215086808665596,311.01757809552964,0.7358714730601336,0.24514877286294195
POINT (82.40519928122302 25.209389928705036),82.40519928122302,25.209389928705036,6.885190915088485,8.217445794076061,311.82539174568836,0.7281222970064692,0.23886104919825338
POINT (82.4098067152518 25.20736067208633),82.4098067152518,25.20736067208633,6.898610790641173,8.219749820035098,312.6106968681291,0.7204557232839456,0.23247209617043174
POINT (82.41441414928057 25.205331415467626),82.41441414928057,25.205331415467626,6.911822855649541,8.221996232185926,313.37274783548185,0.7128842264645183,0.2260011096910481
POINT (82.41902158330936 25.20330215884892),82.41902158330936,25.20330215884892,6.924806078366614,8.22418237786763,314.11081518255486,0.7054207415018258,0.21946829385914698
POINT (82.42362901733813 25.201272902230215),82.42362901733813,25.201272902230215,6.93753885483573,8.226305608630131,314.8241865826647,0.6980786603084271,0.21289484279347917
POINT (82.42823645136691 25.19924364561151),82.42823645136691,25.19924364561151,6.949999021747605,8.228363283330062,315.51216796080206,0.6908718249619269,0.2063029165600805
POINT (82.43284388539568 25.197214388992805),82.43284388539568,25.197214388992805,6.9621638751071435,8.230352771869548,316.1740847565545,0.6838145171247704,0.1997156106140919
POINT (82.43745131942447 25.1951851323741),82.43745131942447,25.1951851323741,6.974010195342793,8.232271459638424,316.80928334860386,0.67692144325177,0.19315691816128733
POINT (82.44205875345324 25.193155875755394),82.44205875345324,25.193155875755394,6.985514279488957,8.234116752716693,317.4171326509449,0.6702077151567312,0.1866516848424983
POINT (82.44666618748201 25.19112661913669),82.44666618748201,25.19112661913669,6.9966519810632635,8.235886083889874,317.99702588914727,0.6636888255112713,0.18022555515063665
POINT (82.4512736215108 25.189097362517984),82.4512736215108,25.189097362517984,7.007398758235469,8.237576919523363,318.548382562547,0.6573806178606577,0.17390491001108366
POINT (82.45588105553956 25.18706810589928),82.45588105553956,25.18706810589928,7.017729730848769,8.23918676733437,319.070650595578,0.6512992507606269,0.16771679499023967
POINT (82.46048848956835 25.185038849280573),82.46048848956835,25.185038849280573,7.027619746801407,8.240713185090373,319.5633086782781,0.6454611556691128,0.16168883864783684
POINT (82.46509592359712 25.18300959266187),82.46509592359712,25.18300959266187,7.037043458225709,8.242153790251523,320.0258687923733,0.6398829882685476,0.15584916061781454
POINT (82.4697033576259 25.180980336043163),82.4697033576259,25.180980336043163,7.045975407814716,8.243506270561213,320.45787891542557,0.6345815729469648,0.15022626908967293
POINT (82.47431079165467 25.178951079424458),82.47431079165467,25.178951079424458,7.054390125537201,8.244768395573729,320.85892589106646,0.62957384023362,0.1448489474716867
POINT (82.47891822568346 25.176921822805753),82.47891822568346,25.176921822805753,7.062262235855222,8.245938029090752,321.228638448689,0.6248767570641286,0.13974613014627263
POINT (82.48352565971223 25.174892566187047),82.48352565971223,25.174892566187047,7.069566575408325,8.24701314245953,321.56669035087856,0.6205072498452588,0.13494676738028422
POINT (82.48813309374101 25.172863309568346),82.48813309374101,25.172863309568346,7.076278320961106,8.247991828665144,321.87280364169425,0.616482120396955,0.13047967962516688
POINT (82.49274052776978 25.17083405294964),82.49274052776978,25.17083405294964,7.082373127221424,8.24887231712712,322.1467519634804,0.6128179549717574,0.12637340163632774
POINT (82.49734796179857 25.168804796330935),82.49734796179857,25.168804796330935,7.08782727393213,8.249652989087963,322.3883639045698,0.6095310266855555,0.12265601705275443
POINT (82.50195539582734 25.16677553971223),82.50195539582734,25.16677553971223,7.0926178214174485,8.25033239345733,322.5975263349186,0.6066371918398642,0.11935498430733121
POINT (82.50656282985612 25.164746283093525),82.50656282985612,25.164746283093525,7.096722773533709,8.250909262952035,322.77418768176034,0.6041517807699434,0.11649695497914288
POINT (82.51117026388489 25.16271702647482),82.51117026388489,25.16271702647482,7.100121246733704,8.251382530348648,322.9183610927525,0.602089484014741,0.11410758594942283
POINT (82.51577769791368 25.160687769856114),82.51577769791368,25.160687769856114,7.102793643712888,8.251751344643353,323.03012743014915,0.6004642347683241,0.11221134697484106
POINT (82.52038513194245 25.15865851323741),82.52038513194245,25.15865851323741,7.104721829867197,8.252015086893438,323.10963803632217,0.5992890887362671,0.11083132554138227
POINT (82.52499256597123 25.156629256618704),82.52499256597123,25.156629256618704,7.105889310566084,8.252173385497002,323.157117208763,0.5985761026781391,0.10998903109996452
POINT (82.5296 25.1546),82.5296,25.1546,7.106281407035176,8.252226130653266,323.172864321608,0.5983362130653266,0.10970420100502513
POINT (82.53423837666666 25.15648817964539),82.53423837666666,25.15648817964539,7.105888102042345,8.25217383558281,323.15737048904947,0.598577546828126,0.10999279636133434
POINT (82.53887675333334 25.158376359290777),82.53887675333334,25.158376359290777,7.104695506759792,8.252016472812324,323.1110115077817,0.5993108879171825,0.11087371620834778
POINT (82.54351513 25.16026453893617),82.54351513,25.16026453893617,7.102686065378469,8.251753549341313,323.0340461342729,0.6005494196093876,0.11236840168632693
POINT (82.54815350666667 25.16215271858156),82.54815350666667,25.16215271858156,7.099844334823346,8.251384882661489,322.92683527719817,0.6023051168456196,0.11449643057626564
POINT (82.55279188333334 25.16404089822695),82.55279188333334,25.16404089822695,7.096157181637523,8.25091061554352,322.78984423068687,0.6045886139092317,0.11727528810991393
POINT (82.55743026 25.165929077872338),82.55743026,25.165929077872338,7.0916139730483785,8.250331229263978,322.62364426037254,0.6074090744025996,0.12072014116264443
POINT (82.56206863666667 25.16781725751773),82.56206863666667,25.16781725751773,7.086206759428033,8.24964755498862,322.42891347219535,0.6107740652929109,0.12484361883870573
POINT (82.56670701333333 25.16970543716312),82.56670701333333,25.16970543716312,7.079930445242768,8.248860783030986,322.20643689885156,0.6146894368955076,0.12965560262525505
POINT (82.57134539 25.171593616808508),82.57134539,25.171593616808508,7.072782945518821,8.247972469714853,321.9571057456542,0.619159210730148,0.13516302940774927
POINT (82.57598376666667 25.1734817964539),82.57598376666667,25.1734817964539,7.0647653248439495,8.246984541585459,321.6819157464345,0.6241854772163594,0.1413697106947842
POINT (82.58062214333333 25.17536997609929),82.58062214333333,25.17536997609929,7.055881915980661,8.245899296738052,321.3819645909127,0.6297683051649181,0.14827617138856644
POINT (82.58526052 25.17725815574468),82.58526052,25.17725815574468,7.0461404152943246,8.244719403063295,321.0584483976321,0.6359056649684087,0.1558795113499464
POINT (82.58989889666667 25.17914633539007),82.58989889666667,25.17914633539007,7.035551952399358,8.243447893247,320.7126572208693,0.6425933672933594,0.1641732928412093
POINT (82.59453727333333 25.18103451503546),82.59453727333333,25.18103451503546,7.024131131700738,8.242088156406423,320.3459695956631,0.6498250189274699,0.17314745668229573
POINT (82.59917565 25.18292269468085),82.59917565,25.18292269468085,7.011896043856175,8.240643926296196,319.95984614198744,0.6575919972376031,0.18278826962627998
POINT (82.60381402666667 25.18481087432624),82.60381402666667,25.18481087432624,6.9988682455992235,8.23911926607262,319.55582226660874,0.6658834444509253,0.1930783050528022
POINT (82.60845240333333 25.18669905397163),82.60845240333333,25.18669905397163,6.985072706840809,8.237518549664623,319.1355000189797,0.6746862826851613,0.20399645859801535
POINT (82.61309078000001 25.18858723361702),82.61309078000001,25.18858723361702,6.970537724497077,8.235846439861641,318.7005391751283,0.6839852503294654,0.21551799979514508
POINT (82.61772915666667 25.19047541326241),82.61772915666667,25.19047541326241,6.9552948030597115,8.234107863291275,318.2526476402909,0.6937629600238711,0.22761466020509438
POINT (82.62236753333333 25.1923635929078),82.62236753333333,25.1923635929078,6.939378502519936,8.232307982520945,317.79357127659836,0.703999978109499,0.24025475788390677
POINT (82.62700591000001 25.19425177255319),82.62700591000001,25.19425177255319,6.922826254863166,8.230452165576635,317.3250832759295,0.7146749250333413,0.253403357379605
POINT (82.63164428666667 25.196139952198582),82.63164428666667,25.196139952198582,6.905678150947744,8.228545953225645,316.84897320954354,0.7257645958033669,0.267022463795661
POINT (82.63628266333333 25.19802813184397),82.63628266333333,25.19802813184397,6.887976700153737,8.226595024417565,316.3670358949869,0.7372440992109828,0.2810712488183426
POINT (82.64092104 25.19991631148936),82.64092104,25.19991631148936,6.869766565719842,8.224605160317575,315.8810602267049,0.7490870141797713,0.29550630599940353
POINT (82.64555941666667 25.20180449113475),82.64555941666667,25.20180449113475,6.851094279157448,8.22258220739604,315.3928181194442,0.7612655612750584,0.31028193203514887
POINT (82.65019779333333 25.20369267078014),82.65019779333333,25.20369267078014,6.832007937532182,8.220532040058513,314.904053712937,0.7737507871248576,0.3253504303005651
POINT (82.65483617 25.20558085042553),82.65483617,25.20558085042553,6.812556887717377,8.218460523308948,314.41647298237103,0.7865127592707172,0.34066243250117534
POINT (82.65947454666667 25.20746903007092),82.65947454666667,25.20746903007092,6.7927914019473885,8.216373475936983,313.9317338920256,0.7995207687903433,0.3561672340030478
POINT (82.66411292333333 25.209357209716313),82.66411292333333,25.209357209716313,6.772762349119269,8.214276634706328,313.4514372192689,0.8127435379213722,0.37181313820599987
POINT (82.6687513 25.2112453893617),82.6687513,25.2112453893617,6.752520866311735,8.212175619997465,312.9771181633137,0.826149429866799,0.3875478052372103
POINT (82.67338967666667 25.21313356900709),82.67338967666667,25.21313356900709,6.732118034911404,8.210075903324038,312.5102388381439,0.839706657977834,0.4033186002632296
POINT (82.67802805333334 25.215021748652482),82.67802805333334,25.215021748652482,6.711604565558928,8.20798277709977,312.05218173222465,0.8533834915899228,0.41907293684753955
POINT (82.68266643 25.21690992829787),82.68266643,25.21690992829787,6.691030495863612,8.205901326983327,311.60424419966614,0.8671484559259238,0.43475861100894136
POINT (82.68730480666667 25.21879810794326),82.68730480666667,25.21879810794326,6.67044490449566,8.203836407073448,311.167634028963,0.8809705236705114,0.45032412195271265
POINT (82.69194318333334 25.220686287588652),82.69194318333334,25.220686287588652,6.649895644858482,8.201792618167948,310.7434661167675,0.8948192960575964,0.4657189758430402
POINT (82.69658156 25.222574467234043),82.69658156,25.222574467234043,6.629429101088234,8.199774289239292,310.3327602560044,0.9086651715864321,0.48089396944391266
POINT (82.70121993666667 25.22446264687943),82.70121993666667,25.22446264687943,6.609089968640049,8.197785462218825,309.9364400305206,0.9224795007823148,0.4958014509603792
POINT (82.70585831333334 25.226350826524822),82.70585831333334,25.226350826524822,6.5889210612105895,8.195829880122059,309.5553327927225,0.9362347257381727,0.5103955559503909
POINT (82.71049669 25.228239006170213),82.71049669,25.228239006170213,6.568963145235007,8.193910978491083,309.19017068678266,0.9499045035008085,0.5246324167292217
POINT (82.71513506666666 25.2301271858156),82.71513506666666,25.2301271858156,6.54925480269729,8.192031880078167,308.8415926682699,0.9634638126913032,0.5384703442388941
POINT (82.71977344333334 25.23201536546099),82.71977344333334,25.23201536546099,6.529832322514362,8.190195392647704,308.51014746163264,0.9768890430676193,0.5518699818927149
POINT (82.72441182 25.233903545106383),82.72441182,25.233903545106383,6.510729620314378,8.18840400973319,308.1962973900798,0.9901580680369793,0.564794431413015
POINT (82.72905019666666 25.23579172475177),82.72905019666666,25.23579172475177,6.491978186031227,8.18665991415201,307.90042300803725,1.0032503004043545,0.5772093511523333
POINT (82.73368857333334 25.23767990439716),82.73368857333334,25.23767990439716,6.473607058393937,8.184964984054147,307.62282846459726,1.0161467318918351,0.5890830278116681
POINT (82.73832695 25.239568084042553),82.73832695,25.239568084042553,6.455642825099917,8.183320801261033,307.3637475270584,1.028829957183155,0.6003864228426844
POINT (82.74296532666666 25.241456263687944),82.74296532666666,25.241456263687944,6.438109647232375,8.18172866163796,307.123350196751,1.0412841834326487,0.6110931951367627
POINT (82.74760370333334 25.24334444333333),82.74760370333334,25.24334444333333,6.421029306316503,8.180189587237392,306.9017498547191,1.05349522632742,0.6211797018608343
POINT (82.75224208 25.245232622978723),82.75224208,25.245232622978723,6.4044212723007465,8.17870433995016,306.699010882257,1.0654504939089469,0.6306249795010441
POINT (82.75688045666666 25.247120802624114),82.75688045666666,25.247120802624114,6.3883027907020145,8.17727343640695,306.5151567106961,1.077138959443758,0.6394107073192156
POINT (82.76151883333334 25.2490089822695),82.76151883333334,25.2490089822695,6.3726889871631185,8.175897163882704,306.3501782660463,1.0885511246848203,0.6475211555179783
POINT (82.76615721 25.250897161914892),82.76615721,25.250897161914892,6.357592987730474,8.174575596970776,306.2040427869332,1.099678974890942,0.6549431204539049
POINT (82.77079558666667 25.252785341560283),82.77079558666667,25.252785341560283,6.343026053269723,8.17330861481129,306.0767030087052,1.1105159269716238,0.6616658492372574
POINT (82.77543396333334 25.254673521205675),82.77543396333334,25.254673521205675,6.32899772659215,8.172095918678778,305.9681067225585,1.1210567721031588,0.6676809560179506
POINT (82.78007234 25.256561700851062),82.78007234,25.256561700851062,6.315515991058386,8.170937049756361,305.8782067359883,1.1312976141244262,0.6729823321867027
POINT (82.78471071666667 25.258449880496453),82.78471071666667,25.258449880496453,6.302587439657924,8.169831406947829,305.8069712799443,1.1412358049693316,0.6775660526223445
POINT (82.78934909333333 25.260338060141844),82.78934909333333,25.260338060141844,6.290217453830327,8.168778264603937,305.75439492885624,1.1508698783308766,0.6814302799961673
POINT (82.79398747 25.262226239787232),82.79398747,25.262226239787232,6.278410391591162,8.167776790064494,305.72051012236005,1.160199482685877,0.6845751690079672
POINT (82.79862584666667 25.264114419432623),82.79862584666667,25.264114419432623,6.267169784856532,8.16682606094377,305.70539940243344,1.1692253147389655,0.6870027722780906
POINT (82.80326422333333 25.266002599078014),82.80326422333333,25.266002599078014,6.2564985462197775,8.165925082112123,305.7092085070161,1.17794905427644,0.6887169494598637
POINT (82.8079026 25.267890778723405),82.8079026,25.267890778723405,6.2463991858282455,8.16507280235243,305.7321604915572,1.1863733013545261,0.6897232809684841
POINT (82.81254097666667 25.269778958368793),82.81254097666667,25.269778958368793,6.236874039434261,8.16426813069502,305.7745710837119,1.1945015166885005,0.6900289875468977
POINT (82.81717935333333 25.271667138014184),82.81717935333333,25.271667138014184,6.227925509159668,8.163509952459755,305.8368655142606,1.2023379660590336,0.6896428567055914
POINT (82.82181773 25.273555317659575),82.82181773,25.273555317659575,6.219556319021049,8.16279714505881,305.9195971098246,1.2098876695122822,0.6885751768796808
POINT (82.82645610666667 25.275443497304963),82.82645610666667,25.275443497304963,6.211769787816083,8.162128593638409,306.0234679808158,1.217156356104479,0.6868376799391991
POINT (82.83109448333333 25.277331676950354),82.83109448333333,25.277331676950354,6.204570122578133,8.161503206662614,306.149352191908,1.224150424929551,0.6844434924607031
POINT (82.83573286000001 25.279219856595745),82.83573286000001,25.279219856595745,6.197962736471468,8.160919931567603,306.2983218628161,1.230876913171233,0.6814070959125883
POINT (82.84037123666667 25.281108036241136),82.84037123666667,25.281108036241136,6.191954595725225,8.160377770640315,306.47167671470993,1.2373434719417433,0.6777442956105506
POINT (82.84500961333333 25.282996215886524),82.84500961333333,25.282996215886524,6.186554600994518,8.159875797301616,306.670977652343,1.243558350705903,0.6734721979488135
POINT (82.84964799000001 25.284884395531915),82.84964799000001,25.284884395531915,6.181774009388401,8.159413173000646,306.8980850535217,1.2495303911425548,0.6686091949890332
POINT (82.85428636666667 25.286772575177306),82.85428636666667,25.286772575177306,6.177626904304015,8.158989164953718,307.15520252459964,1.255269031364178,0.6631749549664676
POINT (82.85892474333333 25.288660754822693),82.85892474333333,25.288660754822693,6.174130721132691,8.158603164987264,307.44492697063004,1.2607843214961063,0.6571904166238061
POINT (82.86356312 25.290548934468084),82.86356312,25.290548934468084,6.171306837813456,8.158254709768466,307.7703059168454,1.266086951703206,0.6506777844709287
POINT (82.86820149666667 25.292437114113476),82.86820149666667,25.292437114113476,6.169181240028261,8.157943502727523,308.1349030964022,1.271188293836482,0.643660521048321
POINT (82.87283987333333 25.294325293758863),82.87283987333333,25.294325293758863,6.167785271447789,8.157669437987906,308.54287337525545,1.276100457938048,0.6361633309948557
POINT (82.87747825 25.296213473404254),82.87747825,25.296213473404254,6.167156479664047,8.15743262662077,308.9990480992639,1.2808363648692231,0.62821213012614
POINT (82.88211662666667 25.298101653049645),82.88211662666667,25.298101653049645,6.167339568016492,8.157233425518196,309.5090318920743,1.2854098362772566,0.6198339907590052
POINT (82.88675500333333 25.299989832695037),82.88675500333333,25.299989832695037,6.168387462026533,8.157072469125897,310.079311762103,1.289835702942267,0.6110570521064113
POINT (82.89139338 25.301878012340424),82.89139338,25.301878012340424,6.170362496014431,8.156950704171507,310.7173790305964,1.2941299321719137,0.6019103816674164
POINT (82.89603175666667 25.303766191985815),82.89603175666667,25.303766191985815,6.173337719840925,8.156869427346052,311.431863981324,1.2983097742311362,0.5924237701307695
POINT (82.90067013333334 25.305654371631206),82.90067013333334,25.305654371631206,6.177398316405063,8.156830325608514,312.2326821307615,1.3023939266587286,0.5826274384369714
POINT (82.90530851 25.307542551276594),82.90530851,25.307542551276594,6.182643105900437,8.156835518340696,313.1311894531585,1.3064027135227354,0.5725516314612661
POINT (82.90994688666667 25.309430730921985),82.90994688666667,25.309430730921985,6.189186090661813,8.156887599918072,314.14034153477786,1.3103582739203254,0.5622260686377312
POINT (82.91458526333334 25.311318910567376),82.91458526333334,25.311318910567376,6.1971579618035495,8.1569896803009,315.2748481709096,1.3142847499635721,0.55167921840411
POINT (82.91922364 25.313207090212767),82.91922364,25.313207090212767,6.206707442063442,8.157145419885934,316.5513099734074,1.3182084586359284,0.5409373617695156
POINT (82.92386201666667 25.315095269858155),82.92386201666667,25.315095269858155,6.218002273893555,8.157359052972485,317.9883166675186,1.3221580236849297,0.5300234124922126
POINT (82.92850039333334 25.316983449503546),82.92850039333334,25.316983449503546,6.23122957304932,8.157635391659795,319.6064774292489,1.3261644325067075,0.5189554702662647
POINT (82.93313877 25.318871629148937),82.93313877,25.318871629148937,6.246595151306001,8.157979798696495,321.4283414045638,1.3302609681908426,0.5077451033745873
POINT (82.93777714666666 25.320759808794325),82.93777714666666,25.320759808794325,6.2643212652157,8.158398113708202,323.4781512520308,1.3344829482032456,0.4963953947186597
POINT (82.94241552333334 25.322647988439716),82.94241552333334,25.322647988439716,6.284642074041322,8.158896512459132,325.78135452318674,1.3388671789172852,0.4848988482455119
POINT (82.9470539 25.324536168085107),82.9470539,25.324536168085107,6.3077959026733135,8.159481273791513,328.3637784166083,1.3434510109927384,0.47323535153313356
POINT (82.95169227666666 25.326424347730498),82.95169227666666,25.326424347730498,6.334013236127753,8.160158424594742,331.25035630930097,1.348270858370709,0.4613705348668885
POINT (82.95633065333334 25.328312527375886),82.95633065333334,25.328312527375886,6.363499280936558,8.160933231346823,334.46328583248976,1.3533600308851075,0.4492550644896432
POINT (82.96096903 25.330200707021277),82.96096903,25.330200707021277,6.3964100134784525,8.161809510275873,338.01950846377895,1.3587457395663687,0.4368256548208697
POINT (82.96560740666666 25.332088886666668),82.96560740666666,25.332088886666668,6.43282103722785,8.162788741000982,341.92744444224485,1.3644451825711978,0.42400885760101503
POINT (82.97024578333334 25.333977066312055),82.97024578333334,25.333977066312055,6.472689462600467,8.16386899538429,346.1830122072292,1.3704607304466063,0.4107289264628168
POINT (82.97488416 25.335865245957446),82.97488416,25.335865245957446,6.5158105637486,8.165043738421545,350.7651247869054,1.3767744229006589,0.39692115616013174
POINT (82.97952253666666 25.337753425602838),82.97952253666666,25.337753425602838,6.561773206813995,8.16630062210942,355.63109115379564,1.3833422728292744,0.38255189829607383
POINT (82.98416091333334 25.339641605248225),82.98416091333334,25.339641605248225,6.609920777331874,8.167620469592478,360.7126357913968,1.3900892222599264,0.3676457763429021
POINT (82.98879929 25.341529784893616),82.98879929,25.341529784893616,6.65932693605789,8.168976716827693,365.9135179278604,1.3969059313326961,0.35231932676449956
POINT (82.99343766666667 25.343417964539007),82.99343766666667,25.343417964539007,6.708796895138121,8.170335610567916,371.10986633612873,1.4036487656829506,0.3368184181723907
POINT (82.99807604333334 25.3453061441844),82.99807604333334,25.3453061441844,6.75690364117167,8.171657415863232,376.1542013326618,1.4101442022580253,0.3215546956605001
POINT (83.00271442 25.347194323829786),83.00271442,25.347194323829786,6.802063561006847,8.172898735286985,380.88358243620314,1.4161982581594286,0.3071346736521599
POINT (83.00735279666667 25.349082503475177),83.00735279666667,25.349082503475177,6.842647364207367,8.174015792868406,385.13141470698946,1.4216104697617788,0.29437486673323254
POINT (83.01199117333333 25.35097068312057),83.01199117333333,25.35097068312057,6.877112027529802,8.174968248668069,388.74138207872113,1.4261906554689272,0.28429818429173404
POINT (83.01662955 25.352858862765956),83.01662955,25.352858862765956,6.904131336656923,8.175722889838198,391.5811344754561,1.429775642136199,0.2781106451068966
POINT (83.02126792666667 25.354747042411347),83.02126792666667,25.354747042411347,6.922700247569878,8.176256495791998,393.5531307218745,1.432242805691857,0.27716220109471856
POINT (83.02590630333333 25.356635222056738),83.02590630333333,25.356635222056738,6.9321935336302065,8.176557343435922,394.60061229715325,1.4335179093057,0.28289932716877964
POINT (83.03054468 25.35852340170213),83.03054468,25.35852340170213,6.932370498641617,8.176625152364041,394.7078847093018,1.4335761358700383,0.2968184581807002
POINT (83.03518305666667 25.360411581347517),83.03518305666667,25.360411581347517,6.9233306581388145,8.176469643636512,393.895460802594,1.432436872074942,0.32042780287822475
POINT (83.03982143333333 25.362299760992908),83.03982143333333,25.362299760992908,6.905435477474354,8.176108164959626,392.2116765305685,1.4301541062446401,0.35522129855040097
POINT (83.04445981 25.3641879406383),83.04445981,25.3641879406383,6.879215642107227,8.17556294323691,389.7228299400984,1.4268048802213769,0.4026640262331299
POINT (83.04909818666667 25.366076120283687),83.04909818666667,25.366076120283687,6.84528189268804,8.174858467917959,386.5037225584146,1.4224780733537368,0.46418475374889034
POINT (83.05373656333333 25.367964299929078),83.05373656333333,25.367964299929078,6.804252262141402,8.174019348943144,382.6299224821848,1.4172651506581369,0.5411692107516615
POINT (83.05837494000001 25.36985247957447),83.05837494000001,25.36985247957447,6.756702266156443,8.173068808755877,378.1724016946807,1.411253713180067,0.6349472693313228
POINT (83.06301331666667 25.37174065921986),83.06301331666667,25.37174065921986,6.703139229213204,8.172027815308175,373.1946365026172,1.404524003152384,0.7467679925343024
POINT (83.06765169333333 25.373628838865248),83.06765169333333,25.373628838865248,6.643998366896988,8.170914766069936,367.7518914060853,1.397148056913681,0.8777580340730106
POINT (83.07229007000001 25.37551701851064),83.07229007000001,25.37551701851064,6.579656453233754,8.169745589416063,361.8922278546757,1.3891909641438973,1.0288608108293364
POINT (83.07692844666667 25.37740519815603),83.07692844666667,25.37740519815603,6.510458353351812,8.168534123934135,355.65873463691855,1.3807136197212069,1.2007561417251933
POINT (83.08156682333333 25.379293377801417),83.08156682333333,25.379293377801417,6.43675177913017,8.16729265067655,349.09250158383867,1.371776368713042,1.3937627202279812
POINT (83.0862052 25.38118155744681),83.0862052,25.38118155744681,6.358925850507346,8.166032474740026,342.23590300432727,1.3624429867356347,1.6077289393992795
POINT (83.09084357666667 25.3830697370922),83.09084357666667,25.3830697370922,6.277449164187018,8.164764473161984,335.13579465051316,1.3527844754642884,1.8419211472977082
POINT (83.09548195333333 25.38495791673759),83.09548195333333,25.38495791673759,6.192903052811845,8.163499543455377,327.8462523976397,1.342882181114201,2.0949220290590325
POINT (83.10012033 25.38684609638298),83.10012033,25.38684609638298,6.106005707156213,8.162248902119611,320.4305029155939,1.33282977691537,2.364554799139581
POINT (83.10475870666667 25.38873427602837),83.10475870666667,25.38873427602837,6.017623088103176,8.161024197836644,312.9617365750953,1.3227337147254628,2.6478502546106997
POINT (83.10939708333333 25.39062245567376),83.10939708333333,25.39062245567376,5.92876335209664,8.159837422511233,305.52257215459383,1.3127118718998072,2.9410724070436527
POINT (83.11403546 25.392510635319148),83.11403546,25.392510635319148,5.840553042844142,8.15870062617171,298.20307526702993,1.3028903113981014,3.239813571610266
POINT (83.11867383666667 25.39439881496454),83.11867383666667,25.39439881496454,5.754195552591775,8.157625467913588,291.09741508840006,1.2933983270825813,3.5391613723525617
POINT (83.12331221333334 25.39628699460993),83.12331221333334,25.39628699460993,5.670915045711016,8.156622660747693,284.29945297071214,1.2843622254197729,3.8339291333513135
POINT (83.12795059 25.398175174255318),83.12795059,25.398175174255318,5.591891628847846,8.155701387727154,277.89774910295625,1.2758985394090763,4.118929693656091
POINT (83.13258896666667 25.40006335390071),83.13258896666667,25.40006335390071,5.518195387769771,8.154868774364775,271.9705993428198,1.2681075141226952,4.389263600456903
POINT (83.13722734333334 25.4019515335461),83.13722734333334,25.4019515335461,5.4507274337344125,8.154129494689236,266.5817335471838,1.2610676967216978,4.64058848493118
POINT (83.14186572 25.40383971319149),83.14186572,25.40383971319149,5.390175076872616,8.153485565935002,261.77720577429926,1.2548322967191685,4.869338619867912
POINT (83.14650409666667 25.40572789283688),83.14650409666667,25.40572789283688,5.336985875137104,8.152936354714425,257.58380651311154,1.2494276903779076,5.072871825498283
POINT (83.15114247333334 25.40761607248227),83.15114247333334,25.40761607248227,5.291362182923632,8.15247878325618,254.009076829992,1.2448540978104503,5.249532948875271
POINT (83.15578085 25.40950425212766),83.15578085,25.40950425212766,5.253274707996507,8.15210769574225,251.04276432802,1.2410881447167943,5.3986360500968935
POINT (83.16041922666666 25.41139243177305),83.16041922666666,25.41139243177305,5.222491158166609,8.151816327396764,248.65938213690572,1.2380867982915043,5.520378246866707
POINT (83.16505760333334 25.41328061141844),83.16505760333334,25.41328061141844,5.198614716272497,8.151596814513185,246.82144209022,1.2357920696919564,5.615704957673705
POINT (83.16969598 25.41516879106383),83.16969598,25.41516879106383,5.181126872393797,8.151440690262328,245.48293176228518,1.2341358974680898,5.686148488601028
POINT (83.17433435666666 25.417056970709222),83.17433435666666,25.417056970709222,5.1694298350545305,8.151339324916215,244.5926711548208,1.23304473466877,5.733660193458355
POINT (83.17897273333334 25.41894515035461),83.17897273333334,25.41894515035461,5.162884966771837,8.15128428554861,244.09728803261726,1.2324435135939598,5.760452171378514
POINT (83.18361111 25.42083333),83.18361111,25.42083333,5.1608450704225355,8.151267605633803,243.94366197183098,1.2322588169014084,5.768859154929578
POINT (83.18009259155555 25.41715431777778),83.18009259155555,25.41715431777778,5.162954315326923,8.151284812403963,244.10246219139188,1.2324498772126813,5.7601561782579545
POINT (83.17657407311111 25.413475305555558),83.17657407311111,25.413475305555558,5.169726785715936,8.151341450379075,244.6146907855494,1.2330726110608232,5.732354034571995
POINT (83.17305555466666 25.409796293333333),83.17305555466666,25.409796293333333,5.1818377543091945,8.15144543594806,245.53528183345324,1.2342040595590187,5.6829249775762705
POINT (83.16953703622222 25.40611728111111),83.16953703622222,25.40611728111111,5.199949078639814,8.151605008436547,246.91893360798724,1.2359225735700614,5.609461726356443
POINT (83.16601851777777 25.40243826888889),83.16601851777777,25.40243826888889,5.22467183282731,8.151828400084872,248.81725283176212,1.238304098795712,5.509833958579923
POINT (83.16249999933333 25.39875925666667),83.16249999933333,25.39875925666667,5.256521609545834,8.152123406442831,251.27527545726406,1.241417515054265,5.382370450499362
POINT (83.15898148088888 25.395080244444443),83.15898148088888,25.395080244444443,5.295869144552829,8.15249687235463,254.3275516579437,1.2453192422152208,5.22605455025557
POINT (83.15546296244445 25.391401232222222),83.15546296244445,25.391401232222222,5.342890692243321,8.152954127993222,257.9941250208257,1.2500475247940805,5.0407137454197715
POINT (83.151944444 25.38772222),83.151944444,25.38772222,5.39752416781239,8.153498429467295,262.2768682695871,1.2556170035326968,4.827178303258239
POINT (83.14842592555556 25.38404320777778),83.14842592555556,25.38404320777778,5.459437958024376,8.15413047429415,267.15672011424857,1.2620143211126111,4.587381386151483
POINT (83.1449074071111 25.380364195555558),83.1449074071111,25.380364195555558,5.528018971450374,8.15484806749333,272.59235788900713,1.26919553003801,4.324375630362326
POINT (83.14138888866667 25.376685183333333),83.14138888866667,25.376685183333333,5.60238463284645,8.155646004213095,278.520710251712,1.2770859283959084,4.042249936772528
POINT (83.13787037022222 25.37300617111111),83.13787037022222,25.37300617111111,5.681420213715541,8.156516208077472,284.85946585307533,1.2855826376979498,3.7459444442892935
POINT (83.13435185177778 25.36932715888889),83.13435185177778,25.36932715888889,5.763838722783789,8.157448124401132,291.5114096812737,1.2945598047870754,3.4409786253131522
POINT (83.13083333333333 25.36564814666667),83.13083333333333,25.36564814666667,5.848256541147741,8.158429322631859,298.3700937942416,1.3038758541503461,3.1331230098050016
POINT (83.12731481488889 25.361969134444443),83.12731481488889,25.361969134444443,5.933275143363486,8.15944622394756,305.32610793488493,1.3133818548356722,2.828054982890767
POINT (83.12379629644444 25.358290122222222),83.12379629644444,25.358290122222222,6.017558349278418,8.16048484751687,312.27312106011345,1.3229298917523862,2.5310406925818594
POINT (83.120277778 25.35461111),83.120277778,25.35461111,6.099895750651943,8.161531467094672,319.1129344520306,1.3323803804097734,2.2466781873145534
POINT (83.11675925955555 25.35093209777778),83.11675925955555,25.35093209777778,6.179245762313072,8.162573086310097,325.75898764104267,1.3416075037108703,1.9787238432142538
POINT (83.11324074111111 25.347253085555558),83.11324074111111,25.347253085555558,6.254755256883905,8.163597668765268,332.13802192534814,1.3505022941064366,1.7300087820823131
POINT (83.10972222266666 25.343574073333333),83.10972222266666,25.343574073333333,6.325755993791696,8.164594088198081,338.1898572994525,1.3589732326831745,1.5024381569728888
POINT (83.10620370422222 25.33989506111111),83.10620370422222,25.33989506111111,6.391740338069382,8.165551785901776,343.8654188618971,1.3669445055234295,1.2970565105982408
POINT (83.10268518577777 25.33621604888889),83.10268518577777,25.33621604888889,6.452319773778415,8.16646013211683,349.12323030653164,1.3743522025705608,1.114157803892811
POINT (83.09916666733334 25.33253703666667),83.09916666733334,25.33253703666667,6.5071695200130115,8.167307483965427,353.92457693605496,1.3811387618059265,0.9534185969401651
POINT (83.09564814888888 25.328858024444443),83.09564814888888,25.328858024444443,6.555961480089576,8.168079916990077,358.2274525670351,1.387245879509673,0.8140358148034771
POINT (83.09212963044445 25.325179012222222),83.09212963044445,25.325179012222222,6.598286257595718,8.168759586013435,361.9792810431217,1.3926059731070581,0.6948549274138747
POINT (83.088611112 25.3215),83.088611112,25.3215,6.633563613444987,8.169322653639234,365.1082935260795,1.3971321597357342,0.5944788711856803
POINT (83.08509259355556 25.31782098777778),83.08509259355556,25.31782098777778,6.660940263961166,8.169736728998586,367.51342046034557,1.4007066904994858,0.5113517870334513
POINT (83.0815740751111 25.314141975555557),83.0815740751111,25.314141975555557,6.679175532914724,8.169957818699572,369.0527461534386,1.403168001903774,0.44381432019220246
POINT (83.07805555666667 25.310462963333332),83.07805555666667,25.310462963333332,6.686521157215817,8.169926967777908,369.53119382228465,1.4042972596101153,0.39012901560937663
POINT (83.07453703822222 25.30678395111111),83.07453703822222,25.30678395111111,6.680614950968337,8.169567164130653,368.68952373922497,1.4038068755945143,0.3484760283565891
POINT (83.07101851977778 25.30310493888889),83.07101851977778,25.30310493888889,6.65843378668131,8.168781839599035,366.1994377004248,1.401336511936308,0.3169225303703971
POINT (83.06750000133333 25.299425926666668),83.06750000133333,25.299425926666668,6.616393129995369,8.167457542643763,361.6739815097345,1.3964669174991338,0.2933764375620673
POINT (83.06398148288889 25.295746914444443),83.06398148288889,25.295746914444443,6.5507325051512,8.16547493171148,354.70793692476434,1.3887678039980342,0.2755495821006228
POINT (83.06046296444444 25.29206790222222),83.06046296444444,25.29206790222222,6.458355437210283,8.162733183265477,344.96599950673397,1.3778988017251572,0.2609780381492536
POINT (83.056944446 25.28838889),83.056944446,25.28838889,6.338215340729742,8.159190771122075,332.328491378932,1.3637725496064028,0.24716866233397616
POINT (83.05342592755555 25.28470987777778),83.05342592755555,25.28470987777778,6.193038787794867,8.154916841594686,317.0728487112858,1.3467529454071827,0.23193121580210366
POINT (83.04990740911111 25.281030865555557),83.04990740911111,25.281030865555557,6.030646210188061,8.150131642646604,300.0131831414198,1.327799827057044,0.21387048037653492
POINT (83.04638889066666 25.277351853333332),83.04638889066666,25.277351853333332,5.8637253866932255,8.145202019605255,282.47741028830967,1.3084272847298788,0.19284963706873562
POINT (83.04287037222223 25.27367284111111),83.04287037222223,25.27367284111111,5.707334693074589,8.140569662839944,266.04543849370447,1.2903974470375872,0.1701154311630323
POINT (83.03935185377777 25.26999382888889),83.03935185377777,25.26999382888889,5.574871464643525,8.136632539891451,252.12519466927847,1.2752445699073114,0.14789116925396695
POINT (83.03583333533334 25.266314816666668),83.03583333533334,25.266314816666668,5.474582110273216,8.133640346410985,241.58474055837482,1.2638760027313665,0.1285941527227345
POINT (83.03231481688888 25.262635804444443),83.03231481688888,25.262635804444443,5.40839241614051,8.131657353857669,234.62797884950876,1.2564525407451212,0.1140992849917256
POINT (83.02879629844445 25.25895679222222),83.02879629844445,25.25895679222222,5.373130246881528,8.130596221286996,230.92220468571813,1.2525469136878382,0.10538076889077817
POINT (83.02527778 25.25527778),83.02527778,25.25527778,5.362857142857142,8.130285714285714,229.84285714285716,1.251424342857143,0.10255714285714286
POINT (83.02632936714285 25.260317462142858),83.02632936714285,25.260317462142858,5.37363880239111,8.130611172649482,230.97526907670206,1.2526041287536587,0.10542225024891372
POINT (83.02738095428572 25.265357144285716),83.02738095428572,25.265357144285716,5.412199292073753,8.131768061139235,235.0246343892848,1.256888685197388,0.11414533087303536
POINT (83.02843254142857 25.27039682642857),83.02843254142857,25.27039682642857,5.4886237257439925,8.13404633065929,243.04728350864087,1.2655035586185106,0.12827591384359563
POINT (83.02948412857143 25.275436508571428),83.02948412857143,25.275436508571428,5.612027264775686,8.137702318558206,255.994643634824,1.279589516384534,0.1461341507137557
POINT (83.03053571571428 25.280476190714285),83.03053571571428,25.280476190714285,5.786560159192858,8.142841812701068,274.2939221422085,1.2997312271807477,0.16453637925198866
POINT (83.03158730285715 25.285515872857143),83.03158730285715,25.285515872857143,6.006678554159,8.149284623114603,297.3535868865436,1.3253829355644555,0.17913798408828366
POINT (83.03263889 25.290555554999997),83.03263889,25.290555554999997,6.254761992699646,8.15650119074054,323.3172477651053,1.3545527939300612,0.1856823864014693
POINT (83.03369047714286 25.295595237142855),83.03369047714286,25.295595237142855,6.5043964050557275,8.163715563677188,349.41254335140457,1.3841528251870454,0.18175749702694075
POINT (83.03474206428572 25.300634919285713),83.03474206428572,25.300634919285713,6.728892059633781,8.170157286834895,372.8468223756707,1.410990166459327,0.16794989920505787
POINT (83.03579365142858 25.30567460142857),83.03579365142858,25.30567460142857,6.9098111847270385,8.175307117603323,391.6998174825345,1.4327946321937455,0.14756221618560203
POINT (83.03684523857143 25.31071428357143),83.03684523857143,25.31071428357143,7.040360145481577,8.178989050124423,405.2751739308425,1.4486586064058677,0.12522741528667475
POINT (83.03789682571428 25.315753965714283),83.03789682571428,25.315753965714283,7.123274320329864,8.181302565718555,413.87478748434313,1.4588191762558496,0.10546360603298097
POINT (83.03894841285715 25.32079364785714),83.03894841285715,25.32079364785714,7.166391808806687,8.182490794272764,418.3327560983422,1.4641480277110466,0.09186308018248708
