Latitude,Longitude,Dissolved oxygen (mg/L),Potential of Hydrogen (pH),Total Dissolved Solids (mg/L),Nitrate N (mgN/L),Amonia N (mgN/L),Calcium (mg/L),Magnesium (mg/L),Sodium (mg/L),Chloride (mg/L),Sulphate (mg/L)
26.4722,80.3786,6.119588727200463,7.9733078207538535,242.61306152006347,2.1909121960813662,0.7466860204900854,31.33536481184555,23.62956846543404,33.691278116371016,43.859559807888864,19.462579092746576
26.46988617234469,80.38386513026053,5.939338992004495,7.99495905036598,244.32782450846312,2.2188621401388477,0.7180957848853784,32.20608082499829,23.479449994288576,33.693488301014035,43.70196615900239,19.942800550841092
26.46757234468938,80.38913026052104,5.920820025985649,7.969674149960436,239.17579150050537,2.2264366770569675,0.7258620876584074,32.4503110899655,23.39312347580919,32.49867387791269,43.30315608303734,20.025801226566035
26.46525851703407,80.39439539078157,6.066896617543547,7.989887128247622,238.02032739382025,2.287315929328356,0.7227883357605204,33.01879596162937,24.196595799364744,33.81532532180973,41.583459718052154,20.4612370980576
26.46294468937876,80.3996605210421,6.068008020106635,7.927495323180819,236.02038282340035,2.236926188867726,0.7105010552900104,31.75190927348906,23.949339101981366,34.754298688875444,42.53120556675933,20.86632112088291
26.46063086172345,80.4049256513026,6.053915630702399,8.013000862239673,236.8759621813313,2.1674567067973585,0.6926347976303582,33.52403433321462,24.189031534055378,32.915271383728665,43.92612128133982,21.629811695729643
26.458317034068138,80.41019078156313,6.256895877318519,8.005935679236515,251.7172444592374,2.2071930938457016,0.7124656611583279,31.090902133053685,24.31449579521868,34.95837106953321,41.758791330665666,21.2880894600853
26.456003206412827,80.41545591182366,6.328379604586485,7.9748047522848005,244.57150047667574,2.1291433249569587,0.700332320287191,32.95476322185461,24.144326120743727,34.39212100304759,40.02375393159074,20.892806590499948
26.453689378757517,80.42072104208417,6.2330255395461105,8.035633935115406,233.79132540520675,2.188921375321205,0.7016290141405322,33.272097871897934,24.29969375923823,33.2168857188986,42.43172798312311,22.49203952885003
26.451375551102206,80.4259861723447,6.478028377571035,8.048709363191588,233.44207737189438,2.1211884716051057,0.678278423871979,34.373185334217055,24.006022808146017,33.66158020217324,42.37848937822317,21.739202358780986
26.449061723446896,80.43125130260522,6.12364564859285,7.949004151804963,240.13185750072748,2.109480624737167,0.6960605780203576,34.088166554990146,23.55502537578271,35.12594721499,42.51727985952749,22.363404881137747
26.446747895791585,80.43651643286573,6.306121739646152,7.985045278298173,239.80510074369553,2.1272060364256866,0.6554034278808281,33.14885077047743,24.44767709233101,34.233984181673165,42.98501729675876,22.8502473155442
26.444434068136275,80.44178156312626,6.269590291466519,7.987173583869603,239.16555177632185,2.022229453958112,0.6844176195426124,33.68821771143644,23.782379041562393,33.456495316438776,42.683197843930124,22.960115272805066
26.442120240480964,80.44704669338678,6.14064204639854,7.982854419914715,235.24983327331972,1.9907129934268681,0.6221158205774027,34.83770924471483,23.63600394012195,33.098606945600785,42.04836243731114,23.639768923876172
26.439806412825654,80.4523118236473,6.453185183689246,8.056255523178553,235.01663887755814,1.9853755208810888,0.6438944995924877,34.81767684043184,23.930042467843908,33.23523388961801,42.845432216771165,23.563509287276364
26.437492585170343,80.45757695390782,6.493631670652707,8.018052210491327,236.03156193540403,2.002875481428129,0.6330355308156004,34.61937984176554,23.62580370428362,32.5500200096416,39.611949504662604,23.123562735294957
26.435178757515033,80.46284208416834,6.786442080458408,8.018043783238634,234.22173430195625,1.893680264363889,0.6020309171110244,34.89931400508674,23.812428568028043,30.95196024558463,41.57728398820968,24.87251183003145
26.43286492985972,80.46810721442887,6.702681347860848,7.951366755532023,224.11944297325854,1.8206434218990053,0.6079609920361919,36.04174145707654,24.10425223045933,34.511895259044955,41.43897304551731,24.1081366920039
26.430551102204408,80.47337234468938,6.504048500682818,8.05989973314734,231.16019424210745,1.8573487506850137,0.6080315557403415,35.270973838345384,24.091957884959818,32.63428120021386,39.10307901852869,24.163688109271046
26.428237274549097,80.4786374749499,6.986265708160472,7.987926314302276,227.72473094207973,1.8517576354661485,0.5424858549869426,35.81444133265108,23.578243767267665,32.66701792382604,38.52072123540254,24.94428176875892
26.425923446893787,80.48390260521043,6.942516235993407,8.04294638153648,230.85435674815182,1.8347008733530454,0.5698774017586744,37.820086487544664,23.72581601306538,32.065203190344704,39.05228108117145,24.810501973895086
26.423609619238476,80.48916773547094,6.898494861817409,8.054722275215386,241.09387078591357,1.7475708686779576,0.5112770935976018,35.14382140812858,24.33292537843671,31.259583686517015,38.83691114174485,25.107269223086075
26.421295791583166,80.49443286573147,6.829512433136996,8.101144329934698,229.60221639060165,1.7112995375133297,0.52031586531668,34.99930209161049,24.082821960578663,31.553751666294954,40.0791968216481,26.373972069725518
26.418981963927855,80.499697995992,6.772237123149739,7.997455729490633,225.84168206780421,1.719957667858318,0.5451902890580199,37.305006372494255,24.694137659752847,30.078334531270638,38.25548827219441,25.208816344266154
26.416668136272545,80.5049631262525,6.91323210720664,7.9321056899237625,229.73444251000464,1.5905844431180138,0.4978472025282461,36.33189940894459,24.31479710193544,33.36145870475266,37.66692046834827,25.404191985948085
26.414354308617234,80.51022825651303,7.185409007826267,8.063292418150388,226.9211420233966,1.5961086676174643,0.4746971544052798,36.81619526331379,24.27788636322882,29.993654753756154,37.61104511715521,25.836182435228398
26.412040480961924,80.51549338677356,7.357825858675577,8.130973646965469,225.6093422435143,1.574427199375277,0.47501809032133174,36.64109528961518,23.241238982952545,29.96766455964209,39.18790213455541,26.52652491880655
26.409726653306613,80.52075851703407,7.359560671835342,8.111476563264315,225.29395356274944,1.5431116291516451,0.4946768623077706,37.252650650823206,24.076946815316827,30.29172221413154,37.645022548576776,25.44835508159539
26.407412825651303,80.5260236472946,7.1074691600271676,8.073210003222448,230.03279553282238,1.475335946816046,0.4218810455736756,38.93299859600232,23.7239804603585,31.63924156850873,37.10751193127715,25.427609738945524
26.405098997995992,80.53128877755512,7.065257911744637,8.04799163080108,216.22895409361914,1.4528329523956611,0.4193476544964705,38.4887270202753,23.497460621070314,30.2862127291005,36.859440176346574,26.323435893511714
26.40278517034068,80.53655390781563,7.3063187822072235,8.102693598800158,221.60192351592258,1.3385895002448893,0.4434373111083569,38.72880997690667,23.75650490417424,28.955613789426284,38.08017100212551,26.004408733826438
26.40047134268537,80.54181903807616,7.0713913110982,8.034126800362507,214.96878347337656,1.3552922296061973,0.4348301789877695,37.0971793011751,24.0376498680956,30.9944269887993,35.516881767812954,26.81103344396265
26.39815751503006,80.54708416833668,7.435999609570872,8.094681992533255,219.8781523248817,1.3508917333293013,0.3915631938615505,37.49946283587546,23.828991421458547,30.32378567880542,37.47456010829602,27.47441228909895
26.39584368737475,80.55234929859719,7.415562343102235,8.098295942576813,212.98070906310016,1.2705912296011572,0.36086911933186755,36.338415257702266,23.245196009510245,29.954351151438463,35.95084512525753,26.975068794462423
26.39352985971944,80.55761442885772,7.417207308426586,8.122817368011003,214.00539625026659,1.2652048067359118,0.39745007282362343,38.15050589727596,23.860335409315244,29.92180608746469,35.240652592286104,26.901812095640192
26.39121603206413,80.56287955911824,7.2964755868335445,8.193002185109533,213.536274501685,1.2408875523209513,0.37672882439777217,39.750718160797184,23.273929248357057,31.24492901306388,37.872627853694,27.84211229727346
26.38890220440882,80.56814468937877,7.660379783638384,8.100387452550097,217.686149531026,1.1819853337116077,0.3500613381745081,39.585243407078465,23.580102763141795,30.873842308413085,33.67230061301338,28.428305682274956
26.386588376753508,80.57340981963928,7.550121941385121,8.066269413472137,216.54934861544797,1.162948146038348,0.31504203961328503,39.179764689543426,23.33541447145286,28.111746632722646,34.1642363693999,27.336445989502025
26.384274549098198,80.5786749498998,7.500199440124558,8.087398796976675,207.01343659200344,1.0953684912833874,0.31414828617156787,39.523355863501244,23.33139979739963,30.019445887916582,32.925841116598804,28.77819383611997
26.381960721442887,80.58394008016033,7.289430032580185,8.019304416804339,211.36647833716162,1.0853581813023967,0.30045529899226914,39.17321346401807,23.68650936842693,28.736891825583008,35.06634658320336,28.958060422980502
26.379646893787577,80.58920521042084,7.7596027625027,8.0637723383876,207.48986013124807,1.078099112083605,0.2961362972028365,40.070133334125835,22.92388209388108,28.681518122079265,35.62316973707759,29.204903913051428
26.377333066132266,80.59447034068137,8.07186808462877,8.07652719684306,204.5077515326184,1.0337025421673869,0.3015997112844786,40.699885387734284,24.076874157737095,26.556010365430097,35.358046654450746,29.51262049356933
26.375019238476956,80.5997354709419,8.096326392623174,8.073113927437882,207.92041544356533,0.9815917669398625,0.2820459165612124,38.974155941259305,22.528095185212827,27.77905332038713,34.633481161671554,30.176913029484385
26.372705410821645,80.6050006012024,7.818459639995495,8.101189692143398,206.83517242196828,0.9771257726615408,0.242081321844042,40.68506625098179,22.974100933966646,27.060987165378137,32.84593319511642,29.067335122076308
26.370391583166334,80.61026573146293,7.835336129162203,8.063054114404002,217.09110912373296,0.9640847399188508,0.26865067491742567,41.36855309111492,23.3168042113865,28.404813151935695,32.44808471254335,29.466535243428407
26.368077755511024,80.61553086172346,8.033368223475678,8.141483815686339,208.46618621315406,0.8544442974333954,0.24284025351932756,40.46653085688198,23.356917940627934,28.49755731690513,30.808586355369226,29.366736709353415
26.365763927855713,80.62079599198397,7.8494065858336874,8.097178236223275,200.60922882937547,0.9250682929500053,0.23897115697166024,41.53390090583169,23.036404662682934,25.54762143610294,34.69393176733943,29.73593505223115
26.363450100200403,80.6260611222445,8.079266205782407,8.09716093282408,203.28133453055017,0.8556233578762967,0.24156846264099838,43.39849157088909,23.005979862159432,27.282978018720883,32.78855847637762,30.65810545566984
26.361136272545092,80.63132625250502,8.182460114239166,8.08461620386713,209.08206285335388,0.8549516493561619,0.19418497266406803,41.23539469428551,23.14444471120012,28.207708476858826,31.560351929700975,29.37256350680348
26.358822444889782,80.63659138276553,8.283857403078944,8.103975606671163,212.84161978962354,0.8556369074537121,0.20199116832060668,41.80426404966586,22.838041753619482,26.932289763102197,33.40175500821775,29.764577269693632
26.356508617234468,80.64185651302606,8.115787271422313,8.130646148769674,197.6701809332163,0.757150230938326,0.18660519594833855,41.068546259039266,23.436952407166583,27.665715107830096,30.72072330442577,31.030304082666248
26.354194789579157,80.64712164328658,8.12998439825472,8.062671208234471,196.05523861400445,0.756634848544344,0.16348194701309027,41.97196609352697,23.1636047229802,27.241775044009643,32.09828729954686,30.994875513602423
26.351880961923847,80.6523867735471,8.057307054874077,8.070587987214113,210.65367837585742,0.749901040925364,0.1849922906628514,42.36173132993567,23.12416428947618,27.15620053720336,31.331567667447317,30.44292044210835
26.349567134268536,80.65765190380762,8.092200070255954,8.084164269777565,204.35662114895334,0.7166882767110395,0.21061933203504718,42.31448853138253,22.3347352756247,26.53419610254321,32.10450079588778,31.187756107343983
26.347253306613226,80.66291703406814,8.208264180337572,8.041726274927,198.98612345008783,0.7748758553537387,0.13885431139729296,41.50648715862346,22.634609760348443,25.619686748046053,31.222356227674183,31.0636274514547
26.344939478957915,80.66818216432866,8.322140886953598,8.061888705561726,204.29096349014637,0.6807121558959055,0.15982767619375743,42.6494663093364,22.490359628076263,25.647866794037128,29.59620446829799,31.77197387231994
26.342625651302605,80.67344729458918,8.427692058111228,8.074561407208982,191.33380251489865,0.674272282675544,0.16411436738373392,43.81474867751997,22.151510166506775,27.244534356130146,31.184655253372625,31.18421934965462
26.340311823647294,80.6787124248497,8.192638063582915,8.127393758790546,201.64494630031476,0.6825028586871937,0.15087503288844797,43.162974203276285,22.640055205557946,26.578563585018156,32.17365923770887,31.78117919099683
26.337997995991984,80.68397755511023,8.558346572025753,8.10158891099615,202.72674420940814,0.6266201368702675,0.1421726903609838,43.73116495773116,22.22221457739656,26.397197085065397,30.91496740576189,32.70699924646549
26.335684168336673,80.68924268537074,8.313997927678013,8.097362375131684,204.92493729745203,0.6379790955279833,0.11952958840133615,42.927888761776636,22.63977287314645,26.10684041271355,31.73544344965115,31.798866925457414
26.333370340681363,80.69450781563127,8.370607435978838,8.122054931030393,197.01203540434068,0.6473589665346349,0.1379543146083286,43.87173299548591,21.888939017560208,26.185627886051815,29.67665532124712,31.634463068532696
26.331056513026052,80.6997729458918,8.279828688275359,8.080796241139755,201.2764523717625,0.6166250695349571,0.11884088883649477,43.64791094891657,22.943112906930978,27.37973926589027,30.74966843400562,32.077126749035806
26.32874268537074,80.7050380761523,8.045353792032332,8.10005769653686,197.12334941163044,0.6133425791812,0.0933470044462863,42.81479970913758,21.834532358131415,26.118071716452455,30.050989260243348,31.635456166440065
26.32642885771543,80.71030320641283,8.55768760614409,8.078338182655338,201.76211219120034,0.5905230767439319,0.1403801997061354,43.97970304528743,22.217454024687363,25.199942900027935,31.52628065806865,33.11033068609613
26.32411503006012,80.71556833667336,8.550740283881415,8.090993553656302,197.0978257548956,0.5519209247074536,0.13335289015830318,43.07919205249473,22.38225470129722,27.067918416493224,30.712824812517447,32.10065872558255
26.32180120240481,80.72083346693387,8.412219858514511,8.05486887902501,199.0074658703206,0.5986155533916421,0.11650640063235553,43.512192626299644,21.772154363193934,26.210378358890377,31.417454790106078,31.964429710125113
26.3194873747495,80.7260985971944,8.477775663285241,7.978318952924799,196.63821540775967,0.63385695958981,0.11614894317615812,44.31417067610047,22.275430812532527,26.42334908867874,31.841329740219578,31.76929390385489
26.31717354709419,80.73136372745492,8.557558932494443,8.068089195306454,203.22751512608662,0.5745987891101928,0.12602435521300584,44.5429580293436,21.3759477260512,27.846215821171885,31.398068852963267,32.81793293142641
26.31485971943888,80.73662885771543,8.25738990041295,8.127859334463016,204.0771041006763,0.5742075255520203,0.11067550199650225,43.49445456898073,22.38080290891398,26.38896064018719,30.935809737952457,32.78101833236625
26.312545891783568,80.74189398797596,8.423209670787074,8.105391355369463,199.74295309688384,0.5821683345581699,0.11846439381903538,45.42791067381718,21.737119050962104,26.67936149748107,29.540778895988453,32.17274301594685
26.310232064128257,80.74715911823648,8.63172388048901,8.104260140669195,200.8893219519746,0.5177477524610492,0.09821760840882889,45.17939270097339,21.423579278570454,25.373055869928734,30.64422023456611,32.77951312436176
26.307918236472947,80.752424248497,8.333706258988023,8.112302952575742,195.01275606404883,0.6018186372049684,0.12030666093767213,44.29323546504949,21.472348869850205,26.254538756409854,30.074103236539255,31.802727754017777
26.305604408817636,80.75768937875752,8.574425066409267,8.063533209849389,199.69403071407652,0.5521745064495388,0.10354677904345327,43.76032692438058,21.844672651063878,27.021941722256393,30.29970919876061,32.71104118991444
26.303290581162326,80.76295450901804,8.33474852327804,8.064928040235573,200.79147554932823,0.5908400284614297,0.09990488948921938,45.00597505206705,21.215624331559994,25.09744716472865,30.288051196049846,32.90229844920801
26.300976753507015,80.76821963927856,8.615373050775917,8.029300685423717,211.58807397639356,0.5160645370565654,0.07634369575515154,44.89475679371078,21.07719565507754,26.70456952928439,29.64789510537061,33.582747577046334
26.298662925851705,80.77348476953908,8.546588143368501,8.03826145246263,196.78183567297623,0.5891344271031504,0.09823155948210861,45.46972826526339,21.21509991091461,26.643485244959216,28.602173636045837,32.39261901900198
26.296349098196394,80.7787498997996,8.31556721812187,8.072362375323909,207.22258819817327,0.5547254758503346,0.08010371827257491,45.214500083199006,20.75896193943195,26.621170984364525,30.053133568382282,32.18356802793099
26.294035270541084,80.78401503006012,8.737850115958418,8.092646813310038,205.50007768252277,0.5452578915599158,0.08177932352053806,44.02286141149527,21.88326599462599,27.550811853566234,31.036829519630608,32.41550479143171
26.291721442885773,80.78928016032064,8.45767409194841,8.035609305802756,202.79179033747744,0.533178464130816,0.07800003921860509,45.4400217188833,20.853074766848476,26.953687835647763,29.380090209123402,32.23115730565314
26.289407615230463,80.79454529058117,8.4504907725994,8.019814075568135,208.86945502645386,0.5164667006528361,0.07321312648214626,45.626098448493174,21.33615924107781,28.020107456174983,30.922046127581755,33.599732736368544
26.287093787575152,80.7998104208417,8.60574182800168,8.034418859162754,203.49757355507924,0.5579568437887954,0.12014574220874905,46.495422653893506,21.010489572787822,25.834451799954053,33.03933670402097,33.73341880758003
26.28477995991984,80.8050755511022,8.75106068222005,8.0549664316715,203.74777744332357,0.5244043376001967,0.10739639069058858,45.54582366672471,20.455399468916873,26.891416175023995,32.1209925441788,33.142629557929716
26.28246613226453,80.81034068136273,8.428999107966384,7.969631322583001,202.16785347058433,0.45965029064737534,0.11546202050521492,47.56118635853268,20.76867884727799,26.88694715801777,32.85227681735711,33.61231378666649
26.28015230460922,80.81560581162326,8.592747224635046,7.931955057013039,207.4704446150242,0.48381475557479103,0.0676151930161753,44.8007555205543,21.0058592368872,25.89176850776509,31.525363920081478,33.083510940353946
26.277838476953907,80.82087094188377,8.649472120690636,7.998149411242212,207.16398211508496,0.510606037285144,0.08639565172243285,47.48876623884593,20.537514501042093,27.759154174264,32.4319570864105,32.97956073583939
26.275524649298596,80.8261360721443,8.690316483027868,7.967665065197594,200.48293415807464,0.5245005007825907,0.06535314695866368,46.36806941832086,21.0100025033237,29.036206174631744,30.405588713398657,32.866902442177654
26.273210821643286,80.83140120240482,8.61357866499178,7.9924468913648195,197.92132602728472,0.5126759991393917,0.07380486554358234,47.34079838730688,20.860693114988024,26.975232933191627,30.54896926979753,32.88025236622832
26.270896993987975,80.83666633266533,8.532394198509692,8.003098556680103,202.60375972357022,0.5502567791145648,0.0700037843218485,46.820476906972836,20.738387935107884,27.49253477450687,28.301891774334827,32.259299174062114
26.268583166332665,80.84193146292586,8.46323249609044,7.987077413377743,200.4371841155522,0.4545972600894489,0.10195130972687111,47.769670843671214,20.10511387594449,27.162417544631055,32.678195049851944,33.158809991105535
26.266269338677354,80.84719659318638,8.599813775279081,8.059465826601402,203.608806272887,0.516997917642087,0.07703832441320892,46.647399467359996,19.77462799937913,26.493241854460738,33.12745346299138,32.99573548775947
26.263955511022044,80.8524617234469,8.42520208644239,8.010560683753996,209.04178237507736,0.4578176383252635,0.09867023610149703,46.17551405362832,19.878166467570523,25.54661276169265,30.88533189212764,33.37354794528029
26.261641683366733,80.85772685370742,8.14657108178586,8.00559934182512,202.49518269232536,0.53491214583151,0.09140417324076798,48.285781050051135,20.118596977844252,26.60057667353378,31.276180025194588,33.02834942671365
26.259327855711422,80.86299198396794,8.64863805641822,8.014525468600322,204.3883894549149,0.50913880314854,0.11662654205023236,47.15139368429257,20.17439144775091,26.034072900299588,30.788858874740484,32.87672204020396
26.257014028056112,80.86825711422846,8.716763599537959,7.940109574775574,205.0297252501685,0.5244923812559097,0.0596386896455473,47.51004674107796,19.00291602126131,28.87212148090289,32.10240370298031,32.49474237839646
26.2547002004008,80.87352224448898,8.224400228065816,8.023223478673405,208.43171246333696,0.4859912095750755,0.10050327948549807,48.40903260656843,19.783273455178957,27.28690571217375,32.983009180585306,32.93447348260993
26.25238637274549,80.8787873747495,8.424702691362645,7.974596358196892,196.29295598402854,0.550360355496191,0.09861932759435434,46.68189586565857,19.764249660473904,27.131685818991247,29.893283722440334,33.23138209799724
26.25007254509018,80.88405250501002,8.666020688028489,8.000387253538582,203.098192303889,0.5433555299478944,0.06665115320752317,48.06786850030525,19.504027410164475,28.29615159137816,32.32605152363333,32.25028642737495
26.24775871743487,80.88931763527054,8.878427284475976,7.926609319612068,206.61636849350842,0.529790303949851,0.09620702458122296,47.201351657654065,20.045136598010103,26.539589106125703,31.63719446079029,32.82122972538454
26.24544488977956,80.89458276553107,8.569254300830302,7.903224569702306,210.81937123208377,0.5086260855033198,0.0860075200082914,47.647089188233736,19.610486819943297,26.912555702227866,32.132605942762844,32.84541588095547
26.24313106212425,80.89984789579158,8.452950273834277,7.993958749910262,204.30068597991925,0.5301775099652847,0.07743389174284844,47.88796051006383,19.87858009904356,27.717850352808068,32.57952981983395,32.31714982193868
26.24081723446894,80.9051130260521,8.530420888594913,7.972145873995524,199.01259597429117,0.49188332281240266,0.06838145895373723,46.70501825033809,19.1804435970307,28.63658350980716,31.934759241218895,32.32545121011166
26.238503406813628,80.91037815631263,8.759486294156154,7.9168329578236705,209.24929991331396,0.5390991671425224,0.06986061504623906,47.354920882762706,19.55375436545102,28.21654132571489,32.09532278174226,32.67381582360035
26.236189579158317,80.91564328657316,8.451459903299602,7.913934293687627,204.48166646170853,0.5632897584186228,0.11131219484394317,49.129370982195915,19.744351815240314,28.043053692178404,32.0417963997694,31.926890812595417
26.233875751503007,80.92090841683367,8.423280783147876,7.989525311182666,202.51801570979396,0.5463236158527863,0.08050281039784782,48.82570650235505,19.526206142852953,27.94458419279419,33.41246900211234,32.59964142699509
26.231561923847696,80.9261735470942,8.4652633721067,7.89270085574405,205.03367214104247,0.49274134316154344,0.09216079394256721,48.13259322475928,18.475532596070433,28.289368673142675,32.87406073972987,31.90409682590905
26.229248096192386,80.93143867735472,8.388905895213448,8.001736942537908,207.04803904864568,0.5259175177453241,0.06850937944505658,48.44085752341048,18.721451639542924,28.165665274998442,32.724584906235215,32.80634179010363
26.226934268537075,80.93670380761523,8.54425552131549,7.8957421140814485,205.62288341789767,0.4767453774079897,0.06862597941581164,48.07231360410041,18.595076846498927,27.112350833777953,31.152604797879455,33.36304793664977
26.224620440881765,80.94196893787576,8.763230410115485,7.9530246852572555,199.47588186905801,0.5331928312882882,0.09651054212035282,49.45201096394626,18.838768525504978,28.13605788616659,32.20309137729003,31.679086074024536
26.222306613226454,80.94723406813628,8.561392325971235,7.910052376357029,212.14319242932896,0.5300356482588339,0.059999513012457054,48.26317981361109,18.827250991664492,27.183627003874808,33.67709183181783,32.28804459574769
26.219992785571144,80.9524991983968,8.468211463007567,7.943019638084374,213.9116487887782,0.4609326627336535,0.07398209644481604,48.66332769089874,18.126529828904168,28.278369183226893,32.799180477768324,31.56522754366353
26.217678957915833,80.95776432865732,8.455163149528047,7.892810381632009,211.67584511267793,0.4826948709021005,0.08069205927635133,49.44673871021804,18.398349740989957,27.828337353346853,33.55247361829943,32.352952281588365
26.215365130260523,80.96302945891784,8.257066828517962,7.903734641928548,204.7769642442932,0.5095856902674912,0.08182727921408127,47.957740706355374,17.472136624522832,30.60195781826416,34.83952911303595,31.09998012976215
26.213051302605212,80.96829458917836,8.616366681793448,7.907543982094988,208.77999060985326,0.5095945369352806,0.07744858343138987,49.87404991858075,18.765560280855635,28.336263277652012,34.108299952022925,31.869334203201916
26.2107374749499,80.97355971943888,8.464327404230291,7.861470825335604,209.81838470990726,0.4828843956325503,0.0860534255031334,47.44768252458384,17.89230455137769,27.164059159768282,33.137853612239866,31.085316410144184
26.20842364729459,80.97882484969941,8.44078557952562,7.926833456236572,212.49839164881794,0.5313933667581928,0.09049261256179468,50.01844624272871,18.027884821585236,28.362865305082327,32.54290678680081,31.307469784511493
26.20610981963928,80.98408997995992,8.938433884619279,7.872305936700438,213.03552225698778,0.5278295770823727,0.09110517617209041,48.45691653255104,17.789793197501908,29.00684350941347,30.365766379140577,30.781025569714103
26.20379599198397,80.98935511022044,8.495650239740913,7.8793170955887355,207.6845879351223,0.5150239572885833,0.0652863059720849,48.59886218569007,18.280022627704607,30.101276656839612,33.059176565840566,31.58975961589905
26.201482164328656,80.99462024048097,8.329201336788389,7.84430711492454,211.20854230563071,0.4987495723255522,0.07580045639594901,47.31661347376478,16.594428075222208,28.120601236644333,32.95556151740663,30.638656782719995
26.199168336673345,80.99988537074148,8.368915950987615,7.777201887173759,212.96909293905753,0.5534598459315817,0.0979751003736869,48.498019401014886,17.630481992850708,27.282809369430723,33.813393646148526,31.208255679478185
26.196854509018035,81.005150501002,8.595806727134494,7.867663166528082,217.2227886871817,0.5722396654618357,0.09346550557804623,48.06087392192306,17.50238643273055,29.498057373278293,33.28454570336326,30.631963965684673
26.194540681362724,81.01041563126253,8.430975192848559,7.967413584962009,214.477155137008,0.5086524725173879,0.059446145906555614,48.43509409575869,17.27075543569159,27.576295044842425,33.17129895871168,30.615179102068048
26.192226853707414,81.01568076152304,8.188465994059806,7.897894220269096,215.0750733534057,0.5053788158941592,0.08530542994176259,48.83748050014897,18.050120848679363,28.48224140937307,31.636291185714985,30.61140965640455
26.189913026052103,81.02094589178357,8.532097236445614,7.861337840799535,212.51394700511113,0.539066847646034,0.05035487263925951,49.737305138789345,16.912058818946175,28.69888554900673,32.629595761377274,30.018502288780834
26.187599198396793,81.0262110220441,8.283782514191397,7.847188689109833,218.0803369226775,0.5141785093355307,0.08072800940980285,49.158520351397456,17.483025534972647,28.924049749029283,34.25782667018628,30.363301164492245
26.185285370741482,81.0314761523046,8.654579965306677,7.854197611751019,214.33746833696907,0.5213279566362707,0.10848684272608702,49.25756721644775,17.224096694799012,29.662955131958597,35.690976160254344,30.878862622603148
26.182971543086172,81.03674128256513,8.524967577135138,7.8707777066398785,209.51403144490394,0.5482914227721088,0.06579883045818281,48.151620535190254,17.493479817769884,28.483433354366174,33.76618182095073,29.577156233034618
26.18065771543086,81.04200641282566,8.285035045826433,7.797254429103889,218.83187119541742,0.46941437006490083,0.06749971749305325,48.3376647619517,16.629277012936235,28.908353428676328,34.304046590120365,30.40160443409721
26.17834388777555,81.04727154308618,8.533260684569592,7.8846545613205175,216.27004900157908,0.5668384379211022,0.0914727458350982,50.4931021532934,16.510265579760315,29.197879258612026,35.06118595811121,30.411289339499643
26.17603006012024,81.0525366733467,8.340067483701194,7.8642931657913495,211.96633564645063,0.5300650360819017,0.0568683505689952,48.47543819317706,17.149217524087973,29.401379803280495,33.19149159882774,29.097808639083546
26.17371623246493,81.05780180360722,8.446396299529969,7.860003742808538,212.08064244825877,0.5161358812121505,0.07051741201411227,50.39566631908845,16.788306396198127,29.410810517467766,34.55699334965176,28.61916895210304
26.17140240480962,81.06306693386774,8.379595613331068,7.844416635682063,215.44504199934013,0.5264003935403033,0.088953966926688,48.88097668228785,15.907659088776617,29.771200259454016,33.40898863267118,29.335712407134118
26.16908857715431,81.06833206412826,8.168156223503587,7.8232671650818,216.37162408761463,0.5285476290409349,0.0704918867390328,49.079608931676226,16.217451961029543,30.194283539323497,35.24487035562925,28.74635154024657
26.166774749498998,81.07359719438878,8.186624154404921,7.845006147593588,215.56821577526733,0.4783365410633148,0.07646563035394988,49.93405283588213,16.495366681198437,29.844234947310255,34.530147565217916,29.78703092636197
26.164460921843688,81.07886232464931,8.425524874844264,7.837378474040747,216.28445746207345,0.5757189862475153,0.09116712589265953,50.09288849578394,16.583674587480413,29.955130326833352,34.76194622184079,28.700221746206783
26.162147094188377,81.08412745490982,8.208520180841326,7.795164204404905,222.09924044949508,0.5327092314692645,0.08632682294619981,48.98197300365123,15.88476343769475,28.178944043519557,33.642839421489484,28.109286470848723
26.159833266533067,81.08939258517034,8.185730986066153,7.782008100237527,219.84578204938762,0.5453584586830349,0.0840053107451425,48.752915038329924,14.898787497760344,29.704193422031,35.351485218321734,27.761919952810402
26.157519438877756,81.09465771543087,8.09039218149188,7.804659874086682,216.58235904093877,0.5612140825406442,0.07491569846941917,49.00930115425141,16.18197660763085,30.146590634408266,36.936988204055574,28.703177726289326
26.155205611222446,81.09992284569138,8.284427820549247,7.858187689039401,219.84527364582388,0.5026321326940126,0.0855530275359197,49.312577211156885,15.392935566388081,30.42712774703406,33.60515771711542,27.69303832539153
26.152891783567135,81.1051879759519,8.517343761259184,7.742312365115192,212.21015662687284,0.5480707685301757,0.07814576669346349,49.74107787135145,14.982699697583545,29.20401306009485,34.41018414646528,27.81869765516061
26.150577955911825,81.11045310621243,8.034766458642434,7.728834600098366,218.19218665799912,0.5264371429408438,0.08686854453775286,49.014897386892144,14.565486851904351,29.29004255429007,35.10874733895352,28.090654601714036
26.148264128256514,81.11571823647294,8.185319683417907,7.789794895415306,224.09793454534181,0.5604693971625824,0.07254723194150299,49.48776111910046,15.933017933408255,29.4225373329129,35.789087354345675,27.184480989784216
26.145950300601204,81.12098336673347,8.380173947609206,7.780919398369274,216.24876001994926,0.4718494625418306,0.077262470440191,50.2821439802102,15.568122995166364,30.478051242931027,34.378602141187066,27.215460336733685
26.143636472945893,81.126248496994,8.142917264128707,7.7815082498989865,213.99064551132363,0.53329356246745,0.06515146523791057,49.252979430343935,15.335921604139946,30.981823108655657,31.947833220455237,27.0399841947556
26.141322645290582,81.1315136272545,8.209115182946425,7.780035353686695,215.0330659581718,0.5187819579985111,0.07947557388975868,49.171407272785544,15.891575375417293,29.740668021349034,36.62933926653832,27.19787548471745
26.139008817635272,81.13677875751503,7.968174523013075,7.7570644102099795,213.54313188349025,0.5504347193969819,0.06783555519609963,47.6787939137433,15.500965882941788,30.980600605577767,36.04085250791756,26.957704201605214
26.13669498997996,81.14204388777556,8.177936860866168,7.821315625279766,215.0228607917551,0.5521684658395218,0.0632897717789288,46.75886739277959,15.80293083951623,30.33061913118159,33.35711900758392,26.35664139496055
26.13438116232465,81.14730901803607,8.071664453180116,7.693427506888401,216.94012198650987,0.5174387196727105,0.08388030308633412,49.14137972688453,14.510011358685208,30.163683196146863,34.67610160446536,26.301210511351396
26.13206733466934,81.1525741482966,8.233533927269463,7.72008103013618,213.06013356820827,0.5179026761175439,0.08319141400753408,48.719753847657515,14.964315364039212,30.141347942906265,37.13949432444119,25.88458035832191
26.12975350701403,81.15783927855712,8.249618731639591,7.744863306023846,219.0051233353616,0.5365483592331811,0.09174336670976102,48.34643572858213,14.242831046002502,31.059597550151242,37.07713641597927,25.131218949879415
26.12743967935872,81.16310440881765,8.445684885167378,7.679054540334611,222.81200795775234,0.5135695089747133,0.07353333029879372,48.91345767541771,14.709510281636085,30.73672111106498,36.58713135685763,25.79692806465942
26.12512585170341,81.16836953907816,8.129843040419223,7.733553192212264,215.83212456063612,0.5663287648358433,0.08612096788726765,48.62841400206796,14.6139449890141,32.54799786590189,35.43097085746277,26.410949498200722
26.122812024048095,81.17363466933868,8.077328571741106,7.802868795366936,225.80053562197827,0.5305935349724046,0.08826210690977769,49.534805670778226,14.87656140057188,29.78880683289771,35.78604808669099,24.818420325328326
26.120498196392784,81.17889979959921,8.043096317462402,7.733086076019048,222.02681944821742,0.4550606170456646,0.08667172422294495,48.65506520105077,14.557077750667062,31.078154678100255,35.620811087689646,24.667968875322376
26.118184368737474,81.18416492985972,7.946366946884899,7.737337947613997,224.36622503439898,0.5316261275127591,0.0676152903134929,47.939993362364014,14.701578016594986,30.191636458340845,37.07596091158523,24.41217893187713
26.115870541082163,81.18943006012024,8.035446565746478,7.673581939563231,217.87281643083534,0.51231501088582,0.08224053010221527,49.2787911649157,14.647395893618834,29.941613371088465,34.94153828646963,25.001831152681365
26.113556713426853,81.19469519038077,7.92562999019037,7.695232670153003,224.18250780331738,0.4951335962029346,0.0854621678116365,48.25986080146306,15.142252641850819,30.770245587146974,35.08865318520613,24.65478227949761
26.111242885771542,81.19996032064128,7.9804149321079665,7.70079849551597,216.65692378512801,0.5075496239890294,0.08010772850800178,48.799494757128755,14.068895353818053,30.95969764161524,37.15640279591828,24.141365676638628
26.10892905811623,81.2052254509018,8.13793565020827,7.699038246193455,224.84590208171664,0.5485552357948019,0.04870287692907393,47.93884016188856,13.733824083491916,33.51849104937406,36.06637115415675,23.550889806124665
26.10661523046092,81.21049058116233,7.774414817811293,7.758975020012004,222.23252229368686,0.5857327699700738,0.08240737824637535,47.74122575799308,14.124386771691373,30.782458088272325,37.70155090038369,23.844601848926956
26.10430140280561,81.21575571142284,8.081433434007822,7.726001887839717,224.0184228056708,0.555869646929497,0.11318799302320436,48.266567614385295,13.621277122251746,29.987082965433572,35.516641476394,22.80394553387271
26.1019875751503,81.22102084168337,8.09303495343981,7.65524410002644,217.36329260522618,0.5288795820513726,0.07459943314641812,48.14548127909912,14.451739443764314,31.306007989452322,36.26511683562047,23.44522201922852
26.09967374749499,81.2262859719439,7.862739399749345,7.7055946109806275,218.74564485132896,0.5613523833467933,0.06907886143822548,48.45291758517657,13.662978585776091,29.2491768497964,35.38078690380015,23.596012237307235
26.09735991983968,81.2315511022044,7.547124729100787,7.711719749131006,224.9750903603431,0.5345031243148203,0.08560024283368078,47.78584223436943,13.467904960440924,31.089646333961927,36.4736083140851,22.32096131321657
26.09504609218437,81.23681623246493,7.759159618622337,7.733478383162812,219.05303879790915,0.5280384006316791,0.08468568478326219,46.46125254502232,13.424052257594546,31.242884759205488,34.909175929385796,21.966262621355757
26.092732264529058,81.24208136272546,8.029794095120668,7.747201295888332,224.95950936008174,0.5148461113991984,0.09789103683096224,47.51159515877753,13.818976086193466,31.999656926505203,36.06924900742021,23.30793226182014
26.090418436873748,81.24734649298597,7.816714126437126,7.639509469136674,217.8983863829535,0.4975227084049891,0.06113198517036657,48.41824932941828,13.38814253345418,32.216831191100205,35.09583474150492,21.997836463458114
26.088104609218437,81.2526116232465,7.655141236693708,7.643839439355167,227.01988790928638,0.5389804438208707,0.0909707098113244,47.468594748597084,13.114822459348662,30.943413100902045,37.509097781706195,22.657085384799895
26.085790781563126,81.25787675350702,7.714210771657666,7.62215867180451,218.95735127593755,0.5560203432543825,0.08885633574297651,47.43062541194185,13.95850737972776,31.317127741369227,37.60409873917139,21.79748085802116
26.083476953907816,81.26314188376753,7.900914044714085,7.659317185901542,226.35689778366427,0.5489806130534189,0.07786780580498846,48.33602035307583,12.871419480411703,30.819226207912273,34.982629708605785,21.578924409524237
26.081163126252505,81.26840701402806,7.841734088192695,7.68357725701332,226.910475282911,0.5400009009454184,0.08508031285180756,46.894493425078856,13.1502917411007,30.54953326054992,38.423261284125836,21.66466502288232
26.078849298597195,81.27367214428858,7.708801617146935,7.700690587490955,221.88111780409693,0.5247081136456532,0.09544186468367342,46.14496380917097,13.31983636566965,31.89974946855587,39.77321185930592,20.78923160878544
26.076535470941884,81.27893727454911,7.674554896510351,7.654463384398978,227.2565648870345,0.571928469017997,0.09308473266025497,47.16383337759606,12.32991265470165,30.530671782891233,37.14673050524055,21.08354818606156
26.074221643286574,81.28420240480962,7.655777082691213,7.641042262612672,226.23048122209605,0.5147677147014159,0.06285471187837344,46.816144825952655,13.098781286679912,31.359789177465526,36.46096605592574,20.61300029576665
26.071907815631263,81.28946753507014,7.561172008974504,7.656272322227292,223.2935983014554,0.5781631001441593,0.0923023740406044,46.33966309577894,12.409575279081858,30.89335143690261,40.34302365683797,19.930400946214082
26.069593987975953,81.29473266533067,7.9268684599538,7.613193802446284,221.675000553335,0.5254163442097168,0.07902967190802307,46.87958094126024,13.086396770466878,32.33977748249465,35.855462924948284,20.546828946933843
26.067280160320642,81.29999779559118,7.621283784972114,7.726610831493302,218.11897009113935,0.5335103916137468,0.0810931122497344,47.318376416391864,12.298625662929073,33.52240431915001,37.39851365441643,20.034491933980295
26.064966332665332,81.30526292585171,7.837321887191921,7.575185419841376,227.62832661904986,0.5126804892449983,0.08109795548201858,46.8211114354652,12.887946128841472,30.78574266103026,37.64404930968435,19.876388926177178
26.06265250501002,81.31052805611223,7.868113584827326,7.643377437412613,220.23076891949196,0.5422425795105975,0.07774635565574445,46.97559758185416,12.98108704908962,30.345509827302074,38.996195462136015,19.139353586901926
26.06033867735471,81.31579318637274,7.774887984863624,7.713461946938343,227.13161038024703,0.5871446199054008,0.09787561284162594,48.08032753494222,12.812019295634432,31.95688288194194,37.982314222862726,20.330523538777907
26.0580248496994,81.32105831663327,7.545685851968609,7.629354056617281,225.95669429765422,0.5739546949959223,0.07874423090580664,46.25302361167405,12.497450339140514,32.13946371235806,37.10817233602878,19.764505379744914
26.05571102204409,81.3263234468938,7.6563435850412995,7.61807989155847,229.98731184479965,0.5884391266739732,0.06320680831324692,46.64588636013949,12.23468287915186,32.37818368962919,36.68043508561083,19.600565519190308
26.05339719438878,81.3315885771543,7.577582751148249,7.608018590778889,226.32281232739456,0.5753513564321479,0.07409705234837634,45.90989198735753,12.027727907714503,31.83575646763692,37.42080216278138,18.75919723701956
26.05108336673347,81.33685370741483,7.431162879748708,7.611771793275105,226.47345676326287,0.5271776089023704,0.08268042089972578,45.53242393627427,12.77862719649582,32.11292418040319,36.759254340324034,17.841930847098997
26.048769539078158,81.34211883767536,7.60096133429454,7.670609078297517,230.97898430988735,0.5509646591262126,0.09843822188018293,45.63204805651762,11.843169977752245,32.680313536988024,37.98955056167412,19.478831933460313
26.046455711422844,81.34738396793587,7.361129113572342,7.52396548951473,229.65198719377602,0.5380830041850274,0.08904642036486878,45.60566312726205,11.641745476777128,33.3419965891617,37.386395184798474,18.269000794336943
26.044141883767534,81.3526490981964,7.701908096842933,7.670559804662137,229.8366324913703,0.6020068795290481,0.06724197088968584,46.16319995183868,12.257184211725523,30.702119510873608,36.43363768290855,17.723727948436892
26.041828056112223,81.35791422845692,7.439933242167044,7.549084835260353,230.7093326074631,0.5267866419427533,0.11727784880555811,47.64010325940666,11.607919198962291,32.18567252748853,39.527807895739016,18.1065850598819
26.039514228456913,81.36317935871743,7.525773015782337,7.592236371111158,222.950227341298,0.5901019184123402,0.0839716297078668,45.07152592067445,11.482569876349237,32.76620055568206,37.66977602584632,18.283354829746642
26.037200400801602,81.36844448897796,7.524174064864719,7.582631206500966,232.3799241402155,0.5906803111222553,0.09913086110363817,45.192894195099726,11.22227037953261,31.803648765552484,36.89233358931017,17.49150811229304
26.03488657314629,81.37370961923848,7.429040505805323,7.620281300971198,232.0628981826546,0.6193810333058073,0.07772428352252442,45.35586680312455,11.544571651068978,34.243934546898046,38.172267300068896,17.94726319393361
26.03257274549098,81.378974749499,7.542194165205767,7.529792536243256,225.8065440787767,0.55280259144521,0.08800038869092573,45.6015336082637,11.643590868805076,32.17006760473691,38.50262934383679,17.656194929849306
26.03025891783567,81.38423987975952,7.36939174714582,7.609223389440463,229.15720828498738,0.5870636513583083,0.09259202758356239,45.372644833984815,11.713783600155319,32.760827697295305,36.57637549643825,16.385074080537784
26.02794509018036,81.38950501002005,7.5578872865750855,7.6687689451750645,230.23655461586787,0.6347443810282736,0.09827292068854734,46.06439286871825,11.937878979666985,33.35446562143757,38.93236960174419,16.396862270037406
26.02563126252505,81.39477014028057,7.211994124300554,7.53037124858458,230.11605021553834,0.5483664647917652,0.0958605245901411,42.969739328147725,11.709875420350574,32.377944043049986,37.485752115699015,17.02501337412456
26.02331743486974,81.40003527054108,7.419684130675835,7.589630134595273,232.2497308062424,0.5214454557775053,0.09308295500841225,42.87349309893231,11.365487831384069,31.304239228651106,40.58982540473749,15.004491975601116
26.02100360721443,81.40530040080161,7.6785450898633165,7.552748763355227,236.90001165416106,0.5116973799014515,0.07527369903773662,44.25698853128954,11.306249967347547,32.636420516162616,39.35411855129485,16.102760308781434
26.018689779559118,81.41056553106213,7.224781661450597,7.593492630864972,235.76186502443036,0.5900801415695925,0.07142380937501304,45.40067840240024,11.534263991566215,34.004760709441186,38.407940272283405,15.280968560567107
26.016375951903807,81.41583066132264,7.260446901133127,7.574495514751937,226.4461749269424,0.5128054708269509,0.0849891126582148,43.13798340548025,11.784893124140504,32.831113213724805,38.09821398745567,15.57927826319377
26.014062124248497,81.42109579158317,7.426628315619489,7.545386389657524,234.44358524884285,0.5587317152912161,0.09399692108769298,41.85059945283257,11.273055966897163,32.428582575247276,38.872502329892356,15.4916591952621
26.011748296593186,81.4263609218437,7.364073584542022,7.587921246597617,237.53129215272725,0.5836221253115501,0.07665918949032946,44.57841601078987,10.982554072286858,34.079533053845005,39.73210489736644,15.287871441020965
26.009434468937876,81.4316260521042,7.377490124256818,7.637985414078802,234.0230465443213,0.5766595942864171,0.09597757948723294,44.17975307311197,10.721756604429663,33.00478527760637,39.100059813597184,15.019264089636138
26.007120641282565,81.43689118236473,7.386202450550288,7.5556255292071866,237.09998774929772,0.5844694544164377,0.10178925118345447,42.97462722777994,10.490547357521415,32.899392570478604,38.95929694060957,14.577766169814987
26.004806813627255,81.44215631262526,7.396135158578918,7.589547650715313,241.0454014183539,0.5789767964741834,0.0662551862147872,42.91896520615705,11.285902898279002,33.54910240219897,39.33244722178128,16.105843691041517
26.002492985971944,81.44742144288577,7.455662501522342,7.506567924883972,237.35141140698082,0.611276314225085,0.06744618944373439,42.79086575890727,11.202400188323402,34.16432172889811,38.67406335094399,15.729839567734352
26.000179158316634,81.4526865731463,7.339143120926892,7.51762914609345,234.51406119212714,0.5449433740090974,0.07789437411693753,43.51303860307019,11.155025030840468,35.67024333754076,39.03084992920188,14.054029316915852
25.997865330661323,81.45795170340682,7.230130797136541,7.572417240495887,237.95743429291002,0.5538058691428512,0.0846141900232322,42.780218569808575,10.826552518408054,34.327268274614106,37.18407303935935,15.267869150832663
25.995551503006013,81.46321683366733,7.356044998326726,7.610567024039995,234.61688531597133,0.5515391822990123,0.07213149479379415,43.53191845977239,11.39580127839128,34.68266636621328,40.619611849518705,14.121682201211831
25.993237675350702,81.46848196392786,7.529175087254515,7.563155683275018,234.39319974373913,0.6002284064758362,0.10028304018323501,40.70712408565025,10.595473874592846,33.239495436116606,39.94725882736209,14.233528195236268
25.99092384769539,81.47374709418838,7.2135298568444925,7.534185327527878,233.15218421476146,0.6029388082129825,0.08636100292294964,42.15828923451869,11.128413899705995,32.827638338575376,38.8378481139989,13.987791009360775
25.98861002004008,81.4790122244489,7.076679753915209,7.5445038899163155,241.07174817996244,0.5900683976887378,0.08059170572374208,41.794685941805746,10.689093076946351,33.86307246734742,41.847326295354144,13.543078834905769
25.98629619238477,81.48427735470942,7.378561358883136,7.492388939717999,231.80463366788524,0.6126419122263037,0.05846135714207121,42.341054067199416,10.420640940374254,33.959481795166504,39.92450421772317,14.22149266446519
25.98398236472946,81.48954248496995,7.184291766418817,7.564507645158293,241.46807281738563,0.5424021158234813,0.0602627627536623,41.96515124415241,10.861499069617182,32.94842202294752,38.7590964335472,13.65226669979236
25.98166853707415,81.49480761523046,6.8665113861068745,7.573591234765371,237.59831200065446,0.6283671920498612,0.08421513875428363,42.88221906372224,10.749969314974999,33.817373032004795,40.91133379976577,13.214002581866861
25.97935470941884,81.50007274549098,7.30980468583102,7.518234597975603,230.26188439350608,0.6246557673038884,0.04801106560772007,40.60374754099047,10.691661465691194,34.3905785692086,40.476843947737116,12.666189519334237
25.97704088176353,81.50533787575151,7.092892029328832,7.515586557115123,237.58995985170074,0.6016365630836331,0.09518956114469315,41.97382814087904,10.545277973177615,34.4116014019207,40.543097167038326,12.741195782842832
25.974727054108218,81.51060300601202,7.150334683463093,7.543143442655317,227.97951023614928,0.6336324781839734,0.07762769233443931,42.229294103445945,10.462647355916953,34.59716103319322,39.71079629131757,12.240166214719336
25.972413226452908,81.51586813627254,7.204662048752372,7.513209931232176,239.14190192110155,0.531091913258922,0.12864639454393909,43.11213200632168,11.399341924533754,34.4612248410142,40.74474102601904,12.943234601118649
25.970099398797593,81.52113326653307,7.174620407470236,7.526254450127191,240.44104937275515,0.5656709530559003,0.11461874375925524,41.08461670178313,10.885041509019912,33.799103409290595,40.03132988404892,12.218508579830457
25.967785571142283,81.5263983967936,7.2438769635020135,7.611160569197561,234.79095320521282,0.5599609909447317,0.0772782639612974,41.571865509743674,10.668978964040118,33.84895525739286,41.000867873531504,12.567278855146373
25.965471743486972,81.5316635270541,7.063786312762781,7.515613795375024,237.9148213986646,0.6042823275679955,0.07840494496203787,39.710558812488195,10.394247118266843,33.28846418192537,38.36396165073816,13.271872903483608
25.963157915831662,81.53692865731463,7.197964536070919,7.509535791813507,245.49751393686543,0.5517540064595194,0.09493372271003613,39.0805434683514,10.723245554804425,36.02987259412965,40.05220801430175,13.076824437099267
25.96084408817635,81.54219378757516,7.074198276501549,7.496394006577272,235.91815097183857,0.6066060927893765,0.1055475891487748,41.509524116261986,10.499617665704413,34.49173500576364,42.49390770459688,12.355022084522954
25.95853026052104,81.54745891783567,7.216328482681843,7.550541594495323,233.96576102768128,0.6256233935444785,0.0554295641384629,40.6680173335642,10.276126300824131,34.33331654613398,39.82583116949636,12.225279358662746
25.95621643286573,81.5527240480962,7.190436405587867,7.512055382731717,244.3882985727802,0.6059928943510239,0.05320436801968205,41.4532295450407,10.11863639285982,33.75582604178535,40.07545151662322,13.110136287019055
25.95390260521042,81.55798917835672,6.9506902211826915,7.491912292337696,246.5722473120751,0.5942826653253779,0.07066947791668601,39.24887200944696,10.183311315381276,37.289885645930795,40.316984444999775,12.33570992905637
25.95158877755511,81.56325430861723,7.247031000211531,7.569374894236561,238.99693482436473,0.5567715311597148,0.08874106374760926,40.59994041668657,8.924327623346123,33.73785292357826,39.54352344124609,11.820355187393544
25.9492749498998,81.56851943887776,6.997122186613415,7.571995243398055,243.2882578656289,0.5616445499307413,0.08745310385761491,41.51477529227313,10.254766405165276,34.37393963827664,38.520769610301556,11.184006371716666
25.94696112224449,81.57378456913828,7.192366118430497,7.489935650005945,244.86856297314114,0.6251862689602963,0.09604657182475845,40.19049433942608,9.954377026776463,35.19021054272279,40.7663016992057,12.01057492299271
25.944647294589178,81.5790496993988,7.120151284196366,7.438085742679064,236.79297596788558,0.6117316405434667,0.0620045370745209,39.91033910598541,10.767294645908395,35.41220367797827,41.23946037750034,12.14882298168574
25.942333466933867,81.58431482965932,7.3349486461258495,7.551896106191793,238.08194314358977,0.5878405177261754,0.04525784205546724,39.52962683395512,10.119645628793606,35.79020547724576,41.10232770904705,11.342790648460127
25.940019639278557,81.58957995991985,7.020128355805265,7.483112235809024,245.20691812470238,0.5771408829958198,0.09287021292953246,38.09917779436102,9.619230326557847,36.61096890328723,41.07078513972594,11.732636870619297
25.937705811623246,81.59484509018036,6.995944131379455,7.541078149526449,247.2837307739389,0.5295788538782253,0.0675770559055217,40.272864222600546,10.059001646152774,35.49571775495262,41.347564789232905,11.337661514151261
25.935391983967936,81.60011022044088,7.0403902396065,7.429658661620585,243.05545068682446,0.5589110688113226,0.04972268203417059,38.53169369123592,9.645877391179361,34.14580276381121,42.49541372343236,11.363866611412812
25.933078156312625,81.60537535070141,6.9930576721397415,7.54323054568778,237.54492341914099,0.6490722280726777,0.08217595618939083,39.25542053122278,10.240298601635496,34.92103448991484,41.230865573633416,10.15245537237589
25.930764328657315,81.61064048096192,7.154029014351187,7.458197910292907,249.27267886696845,0.5540193550948961,0.09189763532328024,37.432370059208694,10.155165476525749,35.48538885653003,40.87893381678842,11.230033745740311
25.928450501002004,81.61590561122244,6.787367461850009,7.535047924832066,239.46080441594503,0.5988320850616814,0.0781691430181809,37.569732145619575,10.411017559745533,37.12579777736601,41.271254891636566,11.77426566365308
25.926136673346694,81.62117074148297,6.867812755532219,7.505615423869648,240.50439046952923,0.6240979876549494,0.0731322742072627,39.49144037599406,9.701871446714259,34.06242402817214,42.287842634174964,10.926657418012304
25.923822845691383,81.62643587174348,6.86202189535559,7.466168756481648,243.474546519195,0.5569673446963936,0.07760956651781144,37.895196892149166,10.023419938305446,36.4588224321998,43.273859038268945,11.22554181174407
25.921509018036073,81.63170100200401,7.161343147634616,7.487381517718325,248.58209045111778,0.6009112018006094,0.07444125856398828,39.16495460262055,9.456653200958451,35.594481128832115,41.09973963221432,10.782385106998529
25.919195190380762,81.63696613226453,7.272272361212253,7.530507255541083,246.04160626148973,0.6242779105804731,0.059779293320897514,37.768702028346326,10.277360138060457,36.242660296690104,41.96959318446124,11.305843199803059
25.91688136272545,81.64223126252506,6.9971761020456755,7.506736848931636,244.5454179437507,0.5973029206020718,0.06927978984514353,36.18640716433979,10.199668295440482,35.45287218875447,42.303027478288065,10.986819409424973
25.91456753507014,81.64749639278557,6.984964150834368,7.52537923783317,244.99936364979695,0.6837857702834733,0.08781919857520723,38.201934490586396,10.187058727090056,34.842532685356204,40.90906675818566,10.59913080916702
25.91225370741483,81.6527615230461,7.018520865056583,7.5806171630764805,243.58052179092056,0.548501034735628,0.08482517812064751,36.84446753834426,9.987262330050047,36.332562172674336,42.09342972295063,11.712923486508046
25.90993987975952,81.65802665330662,7.180302935362029,7.4386019398472145,245.8992747614429,0.6311672036169353,0.0825208970895023,37.70320917171136,10.151664582095732,36.301819214351426,40.528797869369164,11.493247704175914
25.90762605210421,81.66329178356713,6.865209597862118,7.565527476977669,233.8087299796131,0.5950900831241425,0.0650727727721993,36.992109118382736,10.627895892655914,36.64373717786521,40.265152051760985,10.712710689760645
25.9053122244489,81.66855691382766,7.03864313156028,7.504735938923511,243.00079404113333,0.6243244715018833,0.07727745256796499,35.5649635798813,9.87379269076261,35.81296635560192,42.68459670798485,11.25469817284041
25.90299839679359,81.67382204408818,7.148026991166062,7.46438846867392,245.41276520410185,0.6153242837092778,0.047344024303357185,36.75827703226787,10.046224936809928,35.341155325198066,41.928981717268556,11.269415161787643
25.900684569138278,81.6790871743487,7.076055787945176,7.446960851678691,240.10367471697813,0.5810356107554449,0.08267714995828085,38.21109801805219,9.56051994293446,34.534141469407565,42.64382065454462,11.321036218231946
25.898370741482967,81.68435230460922,7.028758279146621,7.492497610483001,246.5132779097246,0.6108740157073311,0.10143286561720351,36.675712105506,9.65313740992145,36.730540324997726,42.47169600488113,10.156209969784383
25.896056913827657,81.68961743486975,7.150192586745607,7.536872940895166,244.41035334155603,0.5492710931090894,0.057888018019368416,36.06246725591074,10.046306578569547,36.43065953661508,41.487408699489194,11.514372435370527
25.893743086172343,81.69488256513026,6.59455082891065,7.494904971603086,252.51039460578397,0.6241413468170002,0.07121108490023367,36.79589972712872,10.45676248269057,35.23600925158102,42.58173729428746,10.738231387407723
25.891429258517032,81.70014769539078,7.102002334586445,7.560508623323976,252.04082430040359,0.6160578107501392,0.08493660168065195,35.931318297346365,9.92195287289295,35.67655193393486,41.34517386436094,10.86045906311048
25.88911543086172,81.70541282565131,6.9027803099850855,7.442126369106188,244.14577671009368,0.6273769025740256,0.09879263951641226,35.757614343758604,9.94064286427018,35.79723992788877,44.301723167107866,12.378884996938464
25.88680160320641,81.71067795591182,6.727152412170229,7.499856272693003,245.66590172732103,0.6411011154949876,0.07327663075549776,34.54396510617962,9.884067384267317,34.93869148860397,41.350154467389224,11.235727778852718
25.8844877755511,81.71594308617235,7.079568174078809,7.4504659636460575,246.2337158981764,0.6215645304109219,0.06961624506101155,35.431726722274405,9.845997949340068,35.59351793918676,42.69642632209879,10.92074811655551
25.88217394789579,81.72120821643287,7.210361349765147,7.5153842492839225,244.98312184299368,0.6161962997175545,0.05046615286375876,35.900520772661196,10.1922346610696,35.3650393937489,41.835359646741296,10.04464562952717
25.87986012024048,81.72647334669338,6.985403912776647,7.5366470999195485,247.83011327076616,0.5865798947390668,0.08155157193962159,34.23099862130057,9.49095380251752,36.070310222918565,43.679389957719,11.879815916596124
25.87754629258517,81.73173847695391,7.150944222670047,7.484729067948619,244.27713864612545,0.5929455348509423,0.11063114060215617,35.86732172832713,10.619107588337934,35.83276820386434,42.75742043204153,10.55421847751714
25.87523246492986,81.73700360721443,7.252129148011167,7.397834164349185,243.0480591689479,0.6512574233372345,0.08416037692947015,34.4824612337612,9.858700444946427,35.08934614232411,42.6215298222969,10.771231096037047
25.872918637274548,81.74226873747494,7.210080652863904,7.510458996678885,250.32161899132052,0.6601326890977697,0.07966581531224431,33.673965471941415,10.433029468314041,38.4300363973598,44.2006531868658,11.15762723496066
25.870604809619238,81.74753386773547,7.261675034730674,7.520524059332155,250.6091460196289,0.6113314273219803,0.0848312346615048,35.01092556982138,9.656926642562581,37.79304646651681,43.36457341158344,12.086074041851159
25.868290981963927,81.752798997996,7.130116132499364,7.519834760433864,245.13401823112386,0.6213325009498779,0.079833619940771,33.812336853501186,10.454377432932363,36.02069694796575,43.97057692469674,11.823249646054528
25.865977154308617,81.75806412825652,7.033507379427708,7.5537576209304,252.1929565798364,0.5943377430385924,0.0678047844160981,34.478679650551754,10.47878960987997,37.02304830306524,42.39287777742701,11.420652473126259
25.863663326653306,81.76332925851703,6.785570246619596,7.462202353970229,246.34547752714616,0.6582290282319394,0.09234919873516564,33.46732910145522,10.388115664489595,37.20964224565923,41.99710594270483,11.72082073605772
25.861349498997996,81.76859438877756,6.992904679896005,7.533026004287423,250.14470298298156,0.6446254692924487,0.08338642284667638,33.482945671828595,9.86233657623267,37.961955552859436,43.73040161269828,11.337727582489041
25.859035671342685,81.77385951903808,6.90755073976245,7.554345087963257,252.67367166830164,0.6845624913647897,0.08026419877900495,33.75615712288005,10.386847689634758,36.20928837831247,43.33181013683898,11.783114116889413
25.856721843687374,81.7791246492986,7.364176047189554,7.436383148795547,249.51809894605844,0.6016852632944298,0.06536950959082638,33.42499018383395,9.841970649817494,37.98498362663381,44.44168754101138,11.829421006087234
25.854408016032064,81.78438977955912,7.016920308624809,7.521248887365817,251.73176644046,0.6184490493413382,0.09955261897902157,31.427301236436954,10.243493616881839,36.56502736600663,43.73477837681228,12.360677399426915
25.852094188376753,81.78965490981965,7.066822371814856,7.489285932319631,248.1073378033674,0.6385314222606998,0.0899705411799969,31.95870559777054,10.787007647257314,35.911920594784355,44.11832882132823,12.447470271434991
25.849780360721443,81.79492004008016,7.1363710595671135,7.507236521915359,249.64744363222678,0.6528247131482086,0.0717061874394908,33.431751491649216,10.72580076962646,37.82197428066224,42.17709343866362,12.302480640792595
25.847466533066132,81.80018517034068,7.065761461562448,7.52550261793985,249.87012582943998,0.6288437029872946,0.09502737280522949,32.415615223461444,10.446301087266617,38.38798857773262,46.110163128603716,11.969922496616206
25.845152705410822,81.80545030060121,7.319315843250777,7.493258198168946,247.9675037538226,0.6110485190000978,0.07253643742422249,31.936047520148612,10.084639531362855,39.61147869094328,43.92228458492185,12.621575515294495
25.84283887775551,81.81071543086172,6.977760044428155,7.486924269469029,250.50697407454192,0.6656409903355621,0.06826994761233524,31.102517398932058,10.768353664182202,36.25866249492756,44.940364709259065,12.308180761546692
25.8405250501002,81.81598056112225,7.106707821666107,7.51657721991703,245.27985111857228,0.6628295924725833,0.06860445323779678,31.16059638701959,10.554645290372557,38.0234975688247,43.3233864780734,11.92060833469102
25.83821122244489,81.82124569138277,6.972763094930566,7.473032895391128,249.76996291248108,0.6157366720721751,0.05343397170368008,30.242648846845185,9.656754009607518,37.081703351581055,44.651966481183116,12.371188018179847
25.83589739478958,81.82651082164328,6.893002649806271,7.474454208715147,250.85532951459234,0.6859470625494227,0.08707313570627503,31.615487568294338,10.937128117530463,38.21160192920995,42.95009462229568,12.730192265605439
25.83358356713427,81.83177595190381,7.00636591935011,7.546479280978702,251.23036606511178,0.6824747518578415,0.052532826824927374,31.05493700621151,10.65478253133103,36.23919311237343,44.95056675768758,13.261927217010001
25.83126973947896,81.83704108216433,7.099951390991451,7.47482215422898,251.54934887863246,0.6535051264559362,0.061573342531017074,30.598370582607412,11.187054046175675,36.48219552909609,44.131788916206574,12.837701356557638
25.82895591182365,81.84230621242484,7.048734944461541,7.548948178839047,252.5285354496967,0.6539900384155484,0.04886617986382671,31.155903108107324,10.310756300233807,36.97645560511804,44.62553823678897,12.451228304889105
25.826642084168338,81.84757134268537,7.017135519363419,7.542373049608516,254.95361190850386,0.6703638511537497,0.07870895460814291,31.341174536758686,9.522161507265663,37.80186520581239,45.431268389032006,13.214236029254343
25.824328256513027,81.8528364729459,6.91816164879747,7.456462554253243,256.7941677197121,0.6300406289202338,0.07774519309593034,32.56501576310819,10.94963696165708,37.209879043569835,43.37777088697564,13.376263941706974
25.822014428857717,81.8581016032064,7.124993355036836,7.500069111537478,250.95729210281087,0.658947046029921,0.07509955680221576,29.522301101966086,11.000965245407388,38.43605571171952,44.050692599072725,13.549715278890048
25.819700601202406,81.86336673346693,6.920337399398703,7.576664130834124,249.00380317567,0.5956287120229657,0.06436133457995633,31.501581819860817,10.25557737394276,38.8231665773728,45.37675848537129,14.057537895015713
25.817386773547092,81.86863186372746,7.268873393720429,7.491432099428218,249.908682535277,0.6886424915626568,0.06241649369847031,31.195773655618254,10.589116088438043,38.49463582680474,47.251813671606314,14.251368616054673
25.81507294589178,81.87389699398798,7.176280638748853,7.513932142976867,252.38830208649276,0.6176416871021978,0.08696554795322509,29.638207307500373,12.132430070845963,39.46797953412194,44.86194775490632,13.592558413461028
25.81275911823647,81.8791621242485,6.954558532302128,7.552870678755588,253.18968208702904,0.7117102176782832,0.07174172102440782,30.269260267732705,10.959076348803098,38.44136924368005,45.73415632617913,13.732752545842141
25.81044529058116,81.88442725450902,7.136310072700909,7.567653831660244,251.77763668052899,0.6588029373276455,0.08474537482308876,29.586782906089702,11.425825547999606,37.02797285660733,45.03630625304753,13.67523927895378
25.80813146292585,81.88969238476955,7.0795883571703015,7.528236356830672,249.9334078753434,0.6644274422562659,0.06672126970819833,29.948713288407678,10.926436137373953,39.40627337684122,47.36051329755283,14.702563929846578
25.80581763527054,81.89495751503006,7.250225117574615,7.516426624316436,253.55364480947037,0.6539825074938622,0.08271594114164778,30.855821823657433,10.404966593323888,37.690648521354404,43.37216758308798,15.2386346979355
25.80350380761523,81.90022264529058,7.413566825393405,7.5993000435447575,256.3640881868487,0.6661707487256984,0.09954917055984863,29.98246484008596,11.228494359057908,39.11072040186006,45.468262839315095,14.520950146003077
25.80118997995992,81.90548777555111,6.9415832791687375,7.6140882202513245,258.27875315676175,0.7193197463940145,0.08879248700603375,29.755464051930474,11.246980427713224,39.76375916578588,43.64614952668958,14.7251858984985
25.798876152304608,81.91075290581162,7.2506788306737215,7.585861970780128,253.92919666801373,0.6040301891718546,0.07381379272693979,28.85608828129367,11.251002531596429,38.814472199286726,42.74708750944632,15.749790701119712
25.796562324649297,81.91601803607215,7.220172877684884,7.552343875026263,254.76715117890328,0.7188171635944106,0.08385798455558485,27.86603571596509,11.42392816582009,37.11296467652442,45.901592768895355,15.442708226571728
25.794248496993987,81.92128316633267,7.3558599546134245,7.518871754033012,252.97260281912023,0.6924302766183198,0.07639002238236985,28.74066457085401,11.63541352164392,37.689171277257024,45.797900359657014,15.584551048275411
25.791934669338676,81.92654829659318,7.298298939564372,7.52030321311853,256.8138929600453,0.6477926049938085,0.08011820277084464,29.72812219701447,11.530663954753605,39.76208686605555,45.40120042580725,14.950394179653395
25.789620841683366,81.93181342685371,7.164874922626005,7.57678716537696,253.80618869182078,0.6533847998547445,0.07511583421832752,27.397761829515556,11.14718719728032,38.47546104752363,45.66777583170898,16.067491327175897
25.787307014028055,81.93707855711423,7.241349434877891,7.5750347720345745,259.75266806859383,0.7374993038745555,0.07753497191244531,27.63337423472195,11.910408344509028,38.755342264793356,49.262786981660135,15.448628868923812
25.784993186372745,81.94234368737474,7.181523059772794,7.616821276747517,250.57694443494378,0.6603235647931344,0.08318140029706139,28.437723766131775,11.000387581704466,39.42272267663574,45.64073322577603,15.533989846222457
25.782679358717434,81.94760881763527,7.474225451816193,7.589279684578082,256.5421452999311,0.6554832616612246,0.06509961950750869,27.409588682781028,11.025243340099676,39.422525896704016,46.55593094841474,16.11808749583662
25.780365531062124,81.9528739478958,7.328092356664323,7.505688277617407,259.44534693358014,0.7255081688809285,0.06476181759676347,27.425260412036355,12.20734766782677,39.10280977072188,45.35056112289344,16.19165705159149
25.778051703406813,81.95813907815631,7.622314920111115,7.610484259912298,259.23650922918944,0.7027568280434723,0.05917186169463109,27.583755112681267,12.181802593262598,38.72014302421963,46.45968653044223,16.569375888438337
25.775737875751503,81.96340420841683,7.340443016094682,7.531123440927512,269.53355940692745,0.6655775695415465,0.055995933435172604,26.694907215938628,12.02437581686691,38.682597575902165,45.942941928765435,16.157783936203206
25.773424048096192,81.96866933867736,7.255847631670403,7.558370752778242,260.4208784364077,0.7012302523052693,0.06174075962023384,26.874307156140496,11.558504938214899,39.79216273856674,45.823496913752955,17.55819223886614
25.77111022044088,81.97393446893787,7.147774201243205,7.5864651508686585,255.2657135379293,0.6648741182818646,0.08239193760665181,28.084010544942895,11.903871514233531,39.57432099250863,48.34592390360488,17.845479638392185
25.76879639278557,81.9791995991984,7.117234788558058,7.659054750060188,259.1603285241435,0.7294840143946989,0.06660818727356324,26.344519569195885,12.153280030683066,38.90059303273484,47.710107251116334,16.513092656080865
25.76648256513026,81.98446472945892,7.163106802282589,7.706438630133323,252.697453765888,0.7290096039907941,0.08770421697114744,25.98277176119361,11.692345228989137,40.162118733727915,46.63569337718176,18.18332630615977
25.76416873747495,81.98972985971943,7.45396007397584,7.609167131136652,259.74029368988636,0.7137336549419253,0.08052070624120507,26.629233495675308,12.10838649024357,39.12814156716037,44.0207072089331,17.498303031426772
25.76185490981964,81.99499498997996,7.503501445423722,7.5804686954985385,256.9907220464751,0.7091241642224383,0.05047243681121524,27.592554632326433,12.739185925141687,38.53383093261946,46.22829846632269,18.54359105324427
25.75954108216433,82.00026012024048,7.203448690312239,7.612116708741264,264.2447609642313,0.7515072031059556,0.0898246337797893,26.724764833059815,13.124381968085752,38.67330787925064,49.66880720617516,18.294410797824145
25.75722725450902,82.00552525050101,7.588445842067543,7.629223727359818,258.6452923512585,0.6989567456848252,0.09216197970504743,26.387547072089916,12.46183149593449,38.5315693743281,46.511817325454935,18.558475520582736
25.754913426853708,82.01079038076152,7.395417094072165,7.583912465166137,260.6366433742835,0.6637034076733289,0.06509205990466699,26.673228288277254,13.009275052569032,39.22332173080665,48.04915276144649,18.668842971237428
25.752599599198398,82.01605551102205,7.503699835884335,7.671609437559759,258.82172925989335,0.7127382041795605,0.08630287317829707,25.12134607799849,12.019047785510152,40.63489721499579,48.49181834776438,19.586537586469447
25.750285771543087,82.02132064128257,7.737432161580681,7.612105294661482,268.57961962125233,0.7618331089388206,0.0671525264835282,26.795510317203217,13.127351106480962,38.856014320308994,47.21661028648714,18.581463431532224
25.747971943887777,82.02658577154308,7.644151734066437,7.625952844939053,260.5994967380514,0.6687129087622418,0.08146505570836018,26.59001185895518,12.621785494400893,39.806282786895835,46.11981445741945,19.727590852090337
25.745658116232466,82.03185090180361,7.4834765912921855,7.6358594267142745,269.47494956557574,0.6881254531714588,0.06103252396866388,25.841040370800762,13.146981429805788,39.10168880965811,44.43704296094229,20.198302747007006
25.743344288577156,82.03711603206413,7.404306248312543,7.629303430420377,265.6615820298381,0.7111897714102552,0.05310340330509839,26.86017608883604,13.006493089674658,39.51448570232172,47.93853432880237,20.23125281475821
25.74103046092184,82.04238116232465,7.2295351316828205,7.649252759364848,264.59349548113096,0.6967238492626688,0.0742577422744452,25.04213540546405,13.716171425853421,38.44578136742237,46.35979146965548,21.262279333558148
25.73871663326653,82.04764629258517,7.458845160776683,7.59429733312913,264.4004147523908,0.6684385223280319,0.07814406595683562,26.736921946297315,12.921492422308805,39.66238867071145,47.519856843266886,20.06362895270205
25.73640280561122,82.0529114228457,7.549542556035827,7.599984337591287,264.76092494845705,0.7310568174951263,0.07403480478760735,25.85043871891768,13.606407224104178,39.74259285387111,46.02135724607117,21.03617544978368
25.73408897795591,82.05817655310621,7.447707142106215,7.581675283713199,255.73529903211244,0.766427628634798,0.0622395418700981,25.351656939552026,13.328484843191301,40.45924146407079,47.174466598531104,20.735069117712868
25.7317751503006,82.06344168336673,7.590740353418961,7.646662112153088,262.59070936859234,0.702072836205355,0.07400151437655653,25.500880854663553,13.462701666182795,40.22998975511173,47.57338712686854,21.63650159104027
25.72946132264529,82.06870681362726,7.63666913208947,7.66367515842811,267.3471284278844,0.6683719683978664,0.0840394216792069,25.328693275099674,13.53901891101422,39.006538639468296,47.90181737905515,21.248652531380714
25.72714749498998,82.07397194388777,7.606187779143976,7.654298729052927,264.03116141001857,0.6482785956367405,0.07932660504175607,26.290320057307316,13.361615969025852,41.11692459030741,46.450128307247624,21.292193250055423
25.724833667334668,82.0792370741483,7.557247721160824,7.706471558449844,258.8662443609886,0.7016940963176687,0.08273751608207552,24.354220877182048,13.782345923346236,40.386473525611265,49.06310303040182,22.373657932745804
25.722519839679357,82.08450220440882,7.694930055165393,7.642805442112195,264.53763955457197,0.7262383661918261,0.06994827277869933,24.5089191739666,13.85178937781012,40.43180957361444,47.15998499698821,21.710108766353073
25.720206012024047,82.08976733466933,7.750853202736485,7.673349185037805,271.8239330360529,0.7065099740902551,0.09757576970971227,25.853265071557104,14.062957961813325,40.301045908851165,46.044721127123665,21.485492336596398
25.717892184368736,82.09503246492986,7.535973673490769,7.606533967873084,270.25533145412646,0.6912872243409437,0.062357401195156766,24.455018364149684,14.090614217223742,39.89938294314103,47.836780045091466,22.170014940838534
25.715578356713426,82.10029759519038,7.926180660082617,7.63835217592373,265.2800021839374,0.6727628795329232,0.08731340601771777,25.561048938791945,14.467084320990212,40.61744137015812,48.06458692040943,22.975075599014627
25.713264529058115,82.1055627254509,7.714790336034911,7.685322936250334,269.5940689695405,0.6567408089956484,0.0977283683524547,26.111316977068817,14.609075165670374,40.90550347546307,48.27349073039812,23.599156520681692
25.710950701402805,82.11082785571142,7.747468872466776,7.695161292013946,264.5824974327445,0.7136015376321654,0.08721362384343642,24.34346405855973,13.911905202032587,38.96132237965959,49.665256271391826,23.19665666341415
25.708636873747494,82.11609298597195,7.865956212720473,7.653164245077509,259.4932928359045,0.7150194606589246,0.07696213966102425,25.125124318252567,14.772830542817177,40.104698367002335,47.97688518035784,24.03844155339105
25.706323046092184,82.12135811623247,7.809803455791239,7.665814011378913,262.871168919563,0.6402810322002765,0.07207554813090951,23.574233490455345,14.04462468228104,40.416185465993834,48.175465587390676,22.938722111928964
25.704009218436873,82.12662324649298,7.932897499173703,7.611746837778233,273.08084165950555,0.7333990686064727,0.09554131954432332,25.020160968379077,14.848796409737185,40.932245903224995,47.16361262826879,23.634779120916736
25.701695390781563,82.13188837675351,7.848105189184427,7.661992573624454,265.9935680017616,0.7019861994034936,0.058655382074083565,24.497150040676154,14.956687748440915,41.831726882177804,49.34979257423092,23.950778473989363
25.699381563126252,82.13715350701403,7.7282787207552675,7.715728565661041,266.376258192359,0.7258258348002924,0.06544814350049949,24.639342533903253,14.040033222595943,40.119234862449524,48.719991964969196,24.276414548245384
25.69706773547094,82.14241863727455,7.889470431001204,7.706987871946695,266.4106951512129,0.6426661739923383,0.07403664271955773,23.669834540601755,14.938135073285903,40.42169055219366,48.12528976788856,24.61426189690181
25.69475390781563,82.14768376753507,7.67877397211237,7.707899054054522,275.4868481770968,0.6410693947420533,0.09856481778063989,22.784899359385932,14.810529963935409,40.46463013349105,46.56224637852918,25.1560020333035
25.69244008016032,82.1529488977956,7.881686903205048,7.693781831120836,274.6343914314035,0.6767149804855828,0.08569652868953559,24.445949278660684,14.791994872996124,40.2605906207221,50.31631022933083,24.8262056653178
25.69012625250501,82.15821402805611,7.875465159747744,7.696016951698029,277.2659307388994,0.6954367780607827,0.06547933113224452,22.324327985011646,15.733987807568706,40.725552224958236,47.44707712729743,25.35583599864221
25.6878124248497,82.16347915831663,7.864250139600918,7.673289579548913,268.0148831012891,0.7334456037680841,0.07534540605982692,23.655007705820104,15.030880159424866,41.78779668729169,48.21718755132146,25.501042309572956
25.68549859719439,82.16874428857716,7.891170992247238,7.7316473906595045,270.09381616087336,0.6999738136940999,0.070785179548957,24.59781892677755,15.069050646105678,40.201677362217836,49.331840597240785,25.297430072563056
25.68318476953908,82.17400941883767,7.643118807921568,7.724548196414127,263.10500242374707,0.6707852743053243,0.0693531980408268,23.936537386185705,15.521659191567354,41.59121688242645,47.691516187007686,25.93972194356705
25.680870941883768,82.1792745490982,7.857987237351772,7.731427616846382,275.3395649270434,0.6465886499173014,0.09468338390856545,25.282011852867356,15.865912557633555,39.73052653851557,47.43493742583664,26.160234815029167
25.678557114228457,82.18453967935872,7.969072464157512,7.694764972869726,265.02096384411556,0.7136353385156844,0.059423902888222566,24.485928375752813,15.63581368223938,40.81308896747733,46.81152411437341,26.384282891411733
25.676243286573147,82.18980480961923,7.993918591296387,7.633753429178445,270.81943940439805,0.6471928625344846,0.10413177401173147,23.087422091797823,16.260304095231362,41.0778074128222,50.0110313769692,26.716631339789263
25.673929458917836,82.19506993987976,7.830522633684506,7.767874662599713,265.823382470366,0.7244311229635865,0.09242352036244288,23.57929899401119,16.10790041657022,42.937776107384295,48.688298133003094,26.971607500758456
25.671615631262526,82.20033507014028,8.189197964150024,7.708956442546612,268.11738110639106,0.6665338445680037,0.09636301690942586,23.468677911422613,15.126436550166964,41.23913494622745,52.578068377351755,26.94965410331012
25.669301803607215,82.2056002004008,7.8840123199923795,7.697739621957937,267.38405500589647,0.7223171037854572,0.07305601964295111,22.192188546757823,15.888586934939188,39.56139251314214,48.33434897686599,28.033123380306893
25.666987975951905,82.21086533066132,8.173877552522676,7.764149189314582,268.5618605883694,0.694548177615216,0.0777510263918081,22.65920586041971,15.978716233412875,39.799566241816066,48.48461169671718,27.041845272302698
25.664674148296594,82.21613046092185,8.106977034601067,7.724906916695771,269.0971284232256,0.6696974627517472,0.05850289009307402,22.918760752868927,16.49868844473465,41.68524750444645,48.9463438286041,27.4946976628124
25.662360320641284,82.22139559118236,7.960316019394253,7.78717961394031,269.3208025074425,0.6578989346760876,0.07213026768719116,21.696496549524927,15.360904730025906,42.26306926568844,49.90579248999924,29.472461955368058
25.66004649298597,82.22666072144288,8.337807188085815,7.773673814623809,275.10747280248995,0.6629732001148245,0.08740507061686882,23.323839369965704,17.53470422302129,42.10464038608529,49.19118897011211,27.789405391173254
25.65773266533066,82.23192585170341,7.906628577385817,7.780563781707616,267.61494667111293,0.6858151630853055,0.09944124708623286,23.049235755473656,16.832145600486175,41.973597828184886,50.45204635160776,27.855991850090327
25.65541883767535,82.23719098196393,8.237608826033439,7.702825556308211,273.1768257004321,0.6750905195864931,0.06339301312241112,21.875112199328655,16.784271423381995,42.92487298946234,48.77210196064652,29.123047084498108
25.653105010020038,82.24245611222445,8.263777670680623,7.810198991314634,277.426760498104,0.6548157383692229,0.07451785364079619,23.504025253857332,17.302668668613197,41.4492618717869,48.398866572752965,27.938584473128152
25.650791182364728,82.24772124248497,8.02693995153213,7.776442696460275,270.7624044144876,0.6675584981647513,0.07773104736686634,23.722882085815723,17.873143995830898,42.79636808961771,48.010649523141936,29.079164626323763
25.648477354709417,82.2529863727455,8.350128524600978,7.755506351905077,270.20378278248455,0.6748240964716534,0.05906380928180406,23.3036490589885,17.38992625839605,40.57818981141302,47.61282242519009,30.48761864699039
25.646163527054107,82.25825150300601,8.117355675200336,7.780310378056688,272.41363128231114,0.6085848623902778,0.08887101982008537,22.83692018317903,17.527386970697158,41.28860477703563,49.55894636192729,28.85831680211566
25.643849699398796,82.26351663326653,8.211643925858908,7.707834790227065,278.3149055797239,0.6862114568237168,0.06914108653927087,23.54580399088635,17.306645205829003,40.532775189984484,49.867812213146365,28.853982279792724
25.641535871743486,82.26878176352706,8.22073386496535,7.799550947246079,274.63271442027497,0.6431323280735958,0.0770702779714415,23.595630671577727,17.30452407437647,41.967806293563555,49.57437809997645,29.307582744361916
25.639222044088175,82.27404689378757,8.17474867991112,7.7463611997516,271.99171083326155,0.6380180983955652,0.07322212162198558,23.278515819957235,17.277823436045303,42.22958658736974,51.70677348054269,30.71651960095517
25.636908216432865,82.2793120240481,8.329584588565801,7.737770377290672,276.312364610993,0.622126881801498,0.0681615576713196,22.35638174167485,17.244930417251158,42.42996764465656,51.759928607634805,31.037781611080003
25.634594388777554,82.28457715430862,8.339909272292546,7.735333165009919,270.2279863533649,0.6190930614847898,0.07989628567076325,23.223175887716067,17.408013804945554,42.439025937994344,50.11088036430595,30.424969317633888
25.632280561122244,82.28984228456913,7.971378397078161,7.845093936555329,277.6228981493129,0.6324409419674957,0.0767682035330187,23.946453471469507,17.25023615541369,41.604587541408456,48.575918699412604,31.226488260466716
25.629966733466933,82.29510741482966,8.44192646983031,7.779782569190526,276.79220417107757,0.6520585888038861,0.07442493832016357,22.503293735841766,17.86792812658317,42.32422339791035,49.99592457849226,31.781307591827336
25.627652905811622,82.30037254509018,8.009359334038626,7.870676058683253,274.18686728248304,0.7321805757594386,0.06907642702723239,24.651834883309753,17.332391086606645,41.20379277488031,50.02956493747309,32.17876300986913
25.625339078156312,82.3056376753507,8.425908715524097,7.792275185626826,272.32409759510193,0.6580871532397581,0.08479686667541267,22.548227158456985,18.190753532399693,43.8344554729876,50.03658828570485,31.358377371187597
25.623025250501,82.31090280561122,8.452157705599186,7.749798973747233,272.3920724463503,0.6795023898378536,0.10480901883783622,22.99227136685224,18.208115005677918,42.39034054850361,50.06201422335169,30.52474390179895
25.62071142284569,82.31616793587175,8.13145921069671,7.777823421008209,278.3384392602385,0.6865147433797177,0.08210396974565262,22.428339404311814,18.389797320760376,42.27966112571572,50.180764105771516,31.456389692311454
25.61839759519038,82.32143306613226,8.245257002954443,7.876312332426248,281.37548727995477,0.6787852495380164,0.09494849773764925,23.147297491221973,18.230646239385344,44.20575954719781,50.544445787010126,31.842127119499644
25.61608376753507,82.32669819639278,8.152616836401192,7.82504307511272,274.1707548549492,0.6729041046908192,0.05915464803200833,21.579629392327472,19.778802466239522,41.71374599014707,50.340614629229606,32.11204752431097
25.61376993987976,82.33196332665331,8.297641928456468,7.81374961309781,278.8139826622486,0.6397624233940529,0.08237587163338721,22.543674003837264,19.20073197182558,41.87479408645584,51.33893287084392,32.330800509077875
25.61145611222445,82.33722845691382,8.294892425047761,7.8464862069098755,268.8928120785156,0.7195612443484223,0.0635506556433631,22.116287364987105,18.26754779538754,41.95727881544599,51.57625197227997,33.1645553057385
25.60914228456914,82.34249358717435,8.469069898124499,7.864562732139999,275.162973449748,0.7306785463937744,0.057859336258181,23.110109108558255,18.96722714318482,42.9388474830414,50.24820506231293,33.419804467854306
25.606828456913828,82.34775871743487,8.559492017655511,7.893594193505034,277.6377792405932,0.6264279126895631,0.06892501665435777,23.811628318018727,18.739612526302782,43.444454811988,52.71815479025045,32.87128109907164
25.604514629258517,82.3530238476954,8.582920713783802,7.911245202918837,274.3839057180056,0.6466464469619726,0.09789685898370187,23.549485519843085,18.685762160710862,43.777748885363465,50.31198267304708,33.67787548656772
25.602200801603207,82.35828897795591,8.29965887436216,7.84332095671703,274.53730064837,0.6694460969937552,0.09427185520684742,21.154341304914237,18.664252313061226,45.48289136854597,49.68053880330375,33.475909407185966
25.599886973947896,82.36355410821643,8.362806219601191,7.809075041277899,275.8729668113314,0.649389773906663,0.08367047837754195,24.706690339009587,19.48186696157981,41.19966099276305,51.94904363043123,33.49465213522298
25.597573146292586,82.36881923847696,8.151664698641117,7.849981667365622,279.97369815962304,0.6940017592885612,0.05703931381404019,23.333001143594927,19.14508342454011,43.82806685049894,50.70110707750295,34.077811713473714
25.595259318637275,82.37408436873747,8.29307239497786,7.881332199954277,278.31654948662225,0.6574819422097297,0.07709074789338546,22.50169597942644,19.913361293836353,42.834841923715054,52.02374491662071,33.81957265233344
25.592945490981965,82.379349498998,8.568230747200595,7.836768011603492,270.37398962865785,0.7447986417452287,0.08456642340788892,23.27708965232649,20.032263320395014,42.86454042377339,49.096357111006036,34.96797331664454
25.590631663326654,82.38461462925852,8.675164229437279,7.841425706913011,271.10529024727697,0.7160889677838722,0.08268088703432158,23.323203146963415,20.29274398807408,42.89057376108805,53.34216238127704,33.37214612272763
25.588317835671344,82.38987975951903,8.25676808291476,7.897851922975455,277.4219526162285,0.6872831992781906,0.052398956459570274,22.682005879605914,19.510543654915104,42.686530591532446,52.62005186791897,33.98266307473917
25.586004008016033,82.39514488977956,8.361910288535698,7.8865375714017025,281.9416497452259,0.7122562268281575,0.0667103661389755,23.40941861380167,20.149841156894844,45.07655026514597,50.300073188424264,34.3224499043524
25.58369018036072,82.40041002004008,8.455440581381382,7.894172701634288,269.38256599069774,0.7151708311033896,0.07911468019877918,22.80307163406944,20.320733690028067,44.374600127058606,50.394010829701706,34.74741293292777
25.58137635270541,82.4056751503006,8.509805225127533,7.866891369408541,278.63556597756633,0.6656284693525707,0.08813256830541318,23.005884331887827,19.98598250123503,43.69346353219082,53.93022643386876,35.300114111056004
25.579062525050098,82.41094028056112,8.354474280871166,7.892378026933,278.79164696584155,0.6586187740954135,0.047160523266527456,22.82303150289569,19.974675595675606,44.944555947470725,51.34968431894277,34.78880680644736
25.576748697394788,82.41620541082165,8.547407902835568,7.868979422448929,286.7124265913616,0.6860127741911459,0.07768695719778672,22.270950861103348,21.034736281184873,42.423420320206674,51.31326715261368,34.221144603744364
25.574434869739477,82.42147054108216,8.42035294387365,7.9459025069815015,279.88175008049353,0.7100850655148778,0.0822833603416365,23.58113774581851,20.589267249372874,42.64311638952091,49.80828145608422,35.481108295074414
25.572121042084166,82.42673567134268,8.496633191041363,7.956040806831763,283.21692413848393,0.6889791580993456,0.09290338825984357,23.98243141818699,20.859778382757856,41.936634667486764,51.985151006915764,35.56121999833543
25.569807214428856,82.43200080160321,8.587853790284294,7.845109334955678,282.513546311941,0.6380722758249043,0.0905767919335279,23.978159323548546,20.38344904618849,43.32338715909426,52.1905837301872,34.332957995022625
25.567493386773545,82.43726593186372,8.513718310591639,7.886091498267209,273.6902756792245,0.6618753520086592,0.0889507749009035,24.276584790140078,20.331203940810155,44.15444353798258,53.29818598638181,35.4183508343655
25.565179559118235,82.44253106212425,8.453870252074433,7.867714228792888,285.5499307882918,0.6843215702086903,0.06824539804041257,23.936834376606324,20.697510564793173,44.15754220283065,51.0422255823615,34.737729204208655
25.562865731462924,82.44779619238477,8.509184706098944,7.9058656087400525,283.60385414745787,0.6848539108097731,0.051661318210434834,23.310218456695214,20.981773542193626,44.255431821388676,50.97896465532881,35.30916756791076
25.560551903807614,82.45306132264528,8.518390030191721,7.932807234899154,285.0411920999686,0.7468854445046604,0.07442752762598404,24.469478798823086,20.711489041658886,42.90712757221839,53.217407298476466,35.29489294084454
25.558238076152303,82.45832645290581,8.481876586188159,7.882423474646062,298.97968700781263,0.6467167709481665,0.095395534263345,22.775387545383683,21.23872188916293,44.95597260727373,53.89881975200115,36.25181223063139
25.555924248496993,82.46359158316633,8.504003088545995,7.907785086700596,275.20576779223825,0.7040530233673893,0.10132709815665635,23.20681580638111,20.672412872452856,44.50485272407944,51.13321736085076,36.002523933261045
25.553610420841682,82.46885671342685,8.78776912652307,7.90873637233448,290.70946009489444,0.7341491830174416,0.09114501946772602,23.224233738474307,21.004608078332893,45.00499142972683,54.121218715439,35.39425850620102
25.551296593186372,82.47412184368737,8.636959378860944,7.9614048691179224,282.930425051173,0.7582110532955073,0.08699655561955226,24.930160794170703,21.825445263005754,42.69781123531962,53.04291751957384,36.566019473566044
25.54898276553106,82.4793869739479,8.513042973096947,7.960091109897171,285.500289400945,0.6785285767043682,0.08632982600983811,24.893141535694728,21.902677013883903,44.73769358681192,54.2726756403495,35.493975951504396
25.54666893787575,82.48465210420842,8.666139878543145,7.932633980114894,284.44104305408433,0.7059973458838154,0.07238243506964338,24.603813315757904,21.608101235613628,43.444417716711364,53.06451564312705,36.45676201791904
25.54435511022044,82.48991723446893,8.51543728633913,7.972744784632493,283.1997814363171,0.7089421332358211,0.07887367047473941,25.148825683298508,21.461033277924507,44.211870124084,50.43732060498854,35.961435387513454
25.54204128256513,82.49518236472946,8.745067483660394,7.947954874637606,282.8927185863584,0.6983094191390592,0.10597364233330309,23.667412775124333,21.56004545846089,45.10644407889622,53.11473046710669,36.25822403228023
25.53972745490982,82.50044749498998,8.627801672871868,7.963087004675254,286.76728646883384,0.6900759403007984,0.06692633666057668,24.731506777573237,21.924133236336925,44.76355453449703,54.51812106162178,36.761684429970224
25.53741362725451,82.5057126252505,8.559177012172135,8.045002771589742,279.6598423662752,0.7067174832597749,0.10542912890359234,24.436506861837657,22.433232394380678,43.97123892580841,52.43891051352015,36.83460472318581
25.535099799599198,82.51097775551102,8.644999279476838,8.035774304906267,289.01244959482307,0.6182682823868184,0.07653709111120359,25.30038107165364,22.648243645094524,44.79932536691901,53.06533794214309,37.30252135007674
25.532785971943888,82.51624288577155,8.344423614635986,7.934242835545899,284.6295072935576,0.7152956425261129,0.10142823307506355,24.619127115657953,22.17937412706105,43.47135236137699,53.36842082746426,36.64887540069707
25.530472144288577,82.52150801603206,8.412888027555205,8.02346400594411,282.06098346601055,0.6992171770562248,0.060644943711563926,24.493973952151958,22.01713763538757,45.94102942014782,50.44277068694387,36.894986087635445
25.528158316633267,82.52677314629258,8.404287655801419,8.026756955742485,285.0712998849404,0.6893562115799637,0.09075950867946778,25.327455658492813,22.685711505522825,44.777087765035965,55.540786561209465,36.57042919049028
25.525844488977956,82.53203827655311,8.605905984464322,7.9523740681109025,292.193468230143,0.758035233101877,0.0711688920633851,25.690631403860724,22.348676575619237,46.024592951155626,52.780859253770394,36.92359610578367
25.523530661322646,82.53730340681362,8.845033775911478,8.035035698537298,285.32082121844326,0.6769805052945106,0.06126921084969146,24.552141268998614,22.569768582456344,44.60007410168248,54.398749750806225,37.09140245613442
25.521216833667335,82.54256853707415,8.920135775280007,8.067757718669089,289.1974039819595,0.6857356195673747,0.08608503703164833,25.137219511945567,23.405607285892817,44.65878884924623,53.817137798752164,36.85730808287116
25.518903006012025,82.54783366733467,8.681012449586289,7.965269727667055,285.1457259524929,0.758174055905287,0.09829191291851073,24.44071823723914,23.30420403489039,44.498293749581336,55.365958283939534,36.03512851549967
25.516589178356714,82.55309879759518,8.659862086925893,7.977377090646,291.41215902875103,0.6740653330247505,0.07085571691077099,23.39252716045191,23.13382815835055,46.03067301482225,54.49930733004399,37.12901052344459
25.514275350701404,82.55836392785571,8.313559961837464,8.058663332088432,291.4388383927097,0.6831235638144625,0.06146521574382346,25.656949573985948,22.658556805468102,44.65968305344609,53.86429717012908,37.16755261177712
25.511961523046093,82.56362905811623,8.5008384513304,8.032669727031445,296.41348196231166,0.6958162247228681,0.08303767571983732,26.09139850827818,23.34796034835,45.93436160295862,53.20991554045999,36.66290385094348
25.509647695390782,82.56889418837675,8.462114780306788,8.04769476716642,288.6454545838231,0.7260490849233557,0.08361689337574758,25.92369195007198,23.78391933311819,45.066073174625686,55.14048618718041,36.374235669487994
25.50733386773547,82.57415931863727,8.484703259355559,8.043057240183762,292.3579730113703,0.7076612719268968,0.0937186415169472,24.266210469840182,23.303421161652366,43.68796798136882,52.27213325473902,37.76352673456915
25.505020040080158,82.5794244488978,8.549644485204476,8.048831015400927,290.41883703899055,0.6632486531303442,0.10035996193515133,25.659043513403585,24.08828822745505,45.0091069090067,55.113466424821624,37.27618827792857
25.502706212424847,82.58468957915831,8.500557137814534,7.983884754495585,295.5614622574761,0.6866626332643988,0.08590847561185451,24.280934421763174,24.158444762841867,44.517246795831035,53.26410600923664,36.91652630616598
25.500392384769537,82.58995470941883,8.270429851637138,8.082547169953395,287.8629105456588,0.6850073842974482,0.11538233839571266,27.26927361265383,24.39966637252412,45.66501125881495,55.920635537528355,36.45887868550694
25.498078557114226,82.59521983967936,8.674894326969739,8.091118656109677,294.0880809834226,0.7015117556966064,0.09173505520780997,25.42456352865961,23.948406172363203,44.61918646413704,54.79062127973407,36.60854861922438
25.495764729458916,82.60048496993988,8.396586606956413,8.038809210497016,290.7093793258487,0.7172041024662398,0.08407405038502555,27.419602451354947,24.15269703514317,46.57998563563047,55.391796200869265,37.65855185594461
25.493450901803605,82.6057501002004,8.587560119119871,8.049864156582043,291.62258459816314,0.7175754012105489,0.06607880165803777,27.295808766702155,24.57412922899905,45.72069438941268,54.8435160248702,37.05963660645618
25.491137074148295,82.61101523046092,8.856321745126158,7.993945365576123,292.6493829528431,0.6523493370554939,0.08738328515056523,25.944418282228483,24.27739525925757,45.698880887190775,52.89578179843696,36.6948195885888
25.488823246492984,82.61628036072145,8.400174648157614,8.079313755200522,293.7070794598631,0.7381484016501738,0.08744355831477513,25.8863667380644,23.987183827567655,46.505074825225705,53.94666279678623,37.20003539763469
25.486509418837674,82.62154549098196,8.150723518388704,8.08514666663411,292.66253230278596,0.7144077374759403,0.10816201204588377,27.202503921655186,24.096743658881287,46.838342760628244,55.70316142132248,36.50885269723489
25.484195591182363,82.62681062124248,8.478835331368881,8.063263878809257,294.4301271626913,0.7489671483891307,0.10207148722051361,26.378252472591925,24.45929687536376,46.00879226211052,55.216922822474835,37.63313234333926
25.481881763527053,82.63207575150301,8.677607086228111,8.114178598054949,300.3430089025053,0.7213576639673788,0.07893626094921058,27.26907596406667,23.934582565945373,45.388855487852084,56.4027585926443,37.5215843394266
25.479567935871742,82.63734088176352,8.796172366910065,8.059259564791562,298.44800411443435,0.7416719403137152,0.100826226915081,26.936056712899756,24.479641436870185,44.54241772168861,55.6173399895778,36.57020215808594
25.47725410821643,82.64260601202405,8.307146218793974,8.098589785699426,298.4758958091984,0.7232291568618902,0.11006151729646524,26.034457675434915,25.060894958880958,45.5776002136011,54.18043416389303,36.44331022805806
25.47494028056112,82.64787114228457,8.554414006159538,8.038566037669744,293.688615494652,0.7502201231865291,0.12479333940520598,25.813891507536304,23.830286660743123,45.69560859169284,54.438203965602305,35.398606584558664
25.47262645290581,82.65313627254508,8.39758531343734,8.081721224996558,292.4847717050399,0.7261014283895544,0.11721573726698079,27.920291252034485,25.404261983212614,46.40350594011216,55.49715192009942,35.91280441583268
25.4703126252505,82.65840140280561,8.438074521081505,8.078962952894535,300.414421706074,0.7080970155342249,0.11750010908154951,27.43215223654723,25.322256625319262,46.0525766581381,52.9085625913528,35.92569889290401
25.46799879759519,82.66366653306613,8.836284867998893,8.098185845589445,300.6704842127114,0.7798080821229824,0.10933487905445771,27.583137764139526,24.771383876975648,47.038403144751854,57.364865411567244,36.60081032278236
25.46568496993988,82.66893166332665,8.19890554538926,8.077590937253344,303.6527280214624,0.7389067250203425,0.11677447938291763,28.72824815190635,25.253762101679754,45.923633144505025,56.08006902082613,36.30384854459743
25.46337114228457,82.67419679358717,8.446150375766695,8.090273169376058,295.9656216287282,0.7300485175014804,0.13238671201559146,29.257974043735928,25.117902579313963,46.48003565722425,57.01395394099362,35.72404468774251
25.461057314629258,82.6794619238477,8.4609720044006,8.131695090942276,298.1076751755758,0.6751476280887808,0.09653301812322897,28.250542393901487,25.687987573043166,47.65301602501233,53.99561982277882,36.18190358045891
25.458743486973948,82.68472705410821,8.535374903997848,8.08426434272212,293.1381522130087,0.6753881095698214,0.11435783027020753,28.347130820007067,25.66751152835684,46.95112463743769,57.17337410748855,36.49698424443093
25.456429659318637,82.68999218436873,8.367824321702479,8.040513624964658,298.8233669855623,0.72341938153296,0.1112877061446667,29.172408086422468,24.791944568254564,46.64550277610174,58.32906950665733,36.42615448280782
25.454115831663326,82.69525731462926,8.378856734336052,8.177761468338437,305.1046659177811,0.7196041331720483,0.1320501257466677,27.841059670331912,25.663489126757067,46.21384118462303,54.491522787040815,35.12644143775181
25.451802004008016,82.70052244488977,8.252299058356536,8.165996809029451,300.0064999375973,0.6974154014318149,0.14851999154072715,29.26105370120277,25.42201016457139,46.24173754406429,56.86309922577887,35.92234418925759
25.449488176352705,82.7057875751503,8.328661203128695,8.061967332946615,305.21841926628196,0.7206691413037394,0.12504028243474763,29.681549649671368,25.612126591062296,46.10214849219427,56.085846463969794,35.20119879188787
25.447174348697395,82.71105270541082,8.212883030406669,8.14412354616292,302.70933563930254,0.764699050730835,0.10229978915446918,29.943298704066546,25.361501592625263,46.43684885938964,54.45581656516975,36.246358355657314
25.444860521042084,82.71631783567133,8.332468299877013,8.099251378469916,305.61410542783426,0.7385029002189383,0.13636811097588936,28.010327409600247,26.424836076798698,47.65990891220722,56.76693444070873,36.08646263837493
25.442546693386774,82.72158296593186,8.157441639291763,8.13270228588375,300.60610882473,0.6840111542019371,0.16089410424668552,29.11277883364062,26.213440705012758,46.83616483191753,57.2117938704218,35.14058218745798
25.440232865731463,82.72684809619238,8.241860371352564,8.136681040323413,306.4498889741224,0.7154967285304521,0.16014587084496285,29.182881202453114,25.5723559516799,45.87712313238071,55.703659410594035,35.098132184027754
25.437919038076153,82.73211322645291,8.15206349167146,8.118241455071786,295.09049163655084,0.695293583041652,0.16364719669945887,30.13050199745585,25.404272363961265,48.73932587732086,57.71747506423956,35.13847582674489
25.435605210420842,82.73737835671342,8.295250455874358,8.098928817437475,307.2877769870516,0.7084121643163056,0.1584250472981156,30.60173696424736,25.852693687903017,47.491996804340786,54.671595417919555,34.12710705729561
25.433291382765532,82.74264348697395,8.087246373071608,8.105275042003772,302.5285674718807,0.7082352763566059,0.14910082508308264,31.582482863866712,26.24859423079095,45.99383369059152,54.930871677722116,35.30236760367698
25.430977555110218,82.74790861723447,7.796329156947265,8.098821395621002,314.92462823740095,0.7069149635049556,0.18194022198162332,30.158515669922238,26.23768075589806,46.91847333527987,56.795428847393396,34.87537314318189
25.428663727454907,82.75317374749498,8.217614253957247,8.10472331232359,314.2957561069176,0.6841908545939087,0.16788575203891998,30.32717953655591,26.708622286048556,47.47198973308527,56.743163791444125,35.37087500866103
25.426349899799597,82.75843887775551,7.857222942861499,8.137790537068208,314.17363831294193,0.7186158601673586,0.21961573595661507,31.817076063670246,26.588064116659787,48.96237949125058,55.997077421837155,34.20720429551151
25.424036072144286,82.76370400801603,7.858495001141432,8.114282683303278,319.5470819847373,0.7062278564387927,0.2021307613612264,31.308027598567318,26.723598250995384,46.487000013593196,57.74593041210179,34.3141486904022
25.421722244488976,82.76896913827655,7.829418527129076,8.172584139750828,310.8585433813506,0.6357632098323296,0.19184516970906412,32.259616584776005,26.529125729435762,48.41879249218962,57.50942855159912,33.734480239664535
25.419408416833665,82.77423426853707,8.085886806736184,8.20713405888723,322.86948175123223,0.7858364163007945,0.19862585984577805,31.65248367193498,25.904206863818388,48.85594824778761,57.939466057418045,33.84641452238184
25.417094589178355,82.7794993987976,7.519088953789424,8.126737048529959,320.8687343594731,0.7575109302613845,0.21390011712619938,30.673065068195772,26.44211110065803,47.086676207688626,56.93013127393218,33.61522390712403
25.414780761523044,82.78476452905811,8.268612228806994,8.161762769821035,317.4870864999298,0.7141594039845911,0.21944989609022053,30.710738408868377,27.003803620097457,47.45875744402461,57.7984879210247,34.55875007338285
25.412466933867734,82.79002965931863,7.91368986317171,8.174373495614317,324.30163099608893,0.7266135823443834,0.2477868503399665,30.71571390048136,26.61744067317504,46.831895997105676,56.71550256634459,33.56313003659567
25.410153106212423,82.79529478957916,7.744956332810279,8.17541742450904,316.69124188177597,0.6914999655700971,0.2420581757810024,32.66742170348067,26.896465051170726,47.637513911513025,59.53498673220188,33.822853187216104
25.407839278557113,82.80055991983967,7.658325240706667,8.161678186857452,319.20577950907006,0.7781218674752854,0.23674120692673964,33.27066202426951,26.623797779581235,47.84375258031975,56.4520540994013,33.41595301008387
25.405525450901802,82.8058250501002,7.66342871707155,8.19040098197848,321.48559316972234,0.7847694271463944,0.2847412606912905,33.98240008651171,26.39432209130131,48.52642317424576,59.731749892368676,32.81429580289683
25.40321162324649,82.81109018036072,7.651801247120387,8.181988093483769,323.24720064078275,0.7331521633213908,0.2659960690617734,33.36161542983177,26.810733010804647,48.96995791863327,57.52436773519193,33.20475670414359
25.40089779559118,82.81635531062123,7.622512994333554,8.115146511849261,322.6052374480416,0.7597578559770437,0.2858498114211709,33.80269113142653,27.03638023610369,47.37156095529847,56.04299728829682,33.42558322090098
25.39858396793587,82.82162044088176,7.560294964874458,8.20132423798144,333.2153136577558,0.7349111252022245,0.2744282670444888,32.59473778606669,26.702036526092623,46.330309474397794,59.13101482578895,32.35658504317875
25.39627014028056,82.82688557114228,7.440812104376394,8.203904426831405,328.8000012936263,0.6901513438547353,0.29838977846264503,32.320963256341045,26.920430299980495,48.13783634959581,57.83468734091499,33.19682621046401
25.39395631262525,82.83215070140281,7.347468964268422,8.139685664310624,332.77637828739506,0.7184989911420905,0.3071398384024233,34.11449174452173,26.688178792652852,48.47719504665944,58.70250059532784,32.19665060459998
25.39164248496994,82.83741583166332,7.303430040143423,8.173488168169495,330.6317872867969,0.7354121164066167,0.2837778047898026,33.95786524055207,27.559750916837842,48.493541807347285,59.182573870935286,32.206761725130896
25.38932865731463,82.84268096192385,7.245380675837192,8.201006313858423,327.19072225445285,0.7184184310355336,0.35209933920695285,33.899901017541794,27.041192721326354,48.03111458441585,58.27815174352701,32.537905334396335
25.387014829659318,82.84794609218437,7.392716114364643,8.166951783954772,337.1234575227452,0.7260958494706518,0.3510536723052096,34.3149724809876,27.78582636147747,48.493452015614764,57.32500397810244,31.76279019794499
25.384701002004007,82.85321122244488,7.259353757118629,8.219843062651176,329.9713290753071,0.7305140462654439,0.33561258040507064,34.45563059646406,27.860793463522914,49.80113007217734,59.11982189626156,31.93294242972113
25.382387174348697,82.85847635270541,6.676670385197504,8.273026612329089,338.92668723648586,0.7314302632526577,0.33494112046656793,35.4169918454359,27.260261381324714,48.836845115469806,58.117436512454496,31.57422714955396
25.380073346693386,82.86374148296593,7.163368121215281,8.148527965452205,335.30917518794786,0.7360249581021349,0.3665957782961779,35.61960416829465,26.93149537317587,48.213307399644016,58.94111732815274,31.611514387339536
25.377759519038076,82.86900661322645,7.041404662282523,8.126169002119223,350.3095443344648,0.7032396365944262,0.3725659551346486,35.21346235363051,26.541515048928055,48.15521556550348,55.88763836994173,30.169629093584074
25.375445691382765,82.87427174348697,6.956670530886071,8.194954365991025,347.5770309533712,0.7141478893120063,0.3864321699226948,35.649963476420766,26.826857708835863,48.50858109772316,58.81849016325222,30.256307374980736
25.373131863727455,82.8795368737475,6.848670545158406,8.213002194216758,345.9151130972677,0.6977214310146759,0.39372277874081235,35.58054264783826,26.904730910076314,50.190568804023926,57.694434140310904,31.28833444737563
25.370818036072144,82.88480200400801,7.0233455094814445,8.176190134681455,352.0929826832134,0.7661940106763271,0.4080862660379263,34.99703603759523,28.04303410795014,48.60858681854586,60.285587422295684,31.30626968064637
25.368504208416834,82.89006713426853,6.945068587202268,8.244787131824618,345.18058891651725,0.6742907211307808,0.43170806118993915,36.1685819269386,27.57414196668319,48.81179716579403,59.222411177506345,30.137962046120407
25.366190380761523,82.89533226452906,6.635772995855821,8.134291013678146,352.24516023480453,0.7726684248858862,0.42785854607640483,34.64574289115517,27.71859980982794,48.451584480763245,58.87092688869162,30.27498968602465
25.363876553106213,82.90059739478957,6.762205590657793,8.216676968830571,352.3495970529844,0.7802517817047553,0.4127336080980556,36.80308248863477,26.708311187688533,49.93080633504677,59.212092634371494,30.346508270907766
25.361562725450902,82.9058625250501,6.505644632512005,8.16579702882829,354.05529663881356,0.7301964673779648,0.45783143893499495,35.20357378419113,27.149786256523917,50.761629461362446,57.648934976950905,30.346323409619853
25.35924889779559,82.91112765531062,6.395621847850617,8.25982390532386,359.50328261477415,0.6617683575532588,0.4706602049504776,36.587621196673325,28.01506573956801,49.45938229532372,60.6028705481252,28.784938546338566
25.35693507014028,82.91639278557113,6.460777065250107,8.271712658994488,358.7203623818759,0.7296237385297377,0.5017038757862459,35.88317623778826,27.804968551870267,49.18438078298544,61.07786392223179,29.15339220447054
25.354621242484967,82.92165791583166,6.637533215907563,8.162254812804381,358.27982953139895,0.739138115750807,0.44562776918737096,37.202836613641516,27.66016245978808,49.19904433817861,59.38962959700529,29.226406828768443
25.352307414829657,82.92692304609218,6.605820340219026,8.171793453860573,351.7941668570687,0.7113462791923457,0.473837370894675,36.934287153661835,27.972524471235985,47.07611829715787,60.776936934262295,29.539276807452122
25.349993587174346,82.9321881763527,6.495894888468973,8.228959413787901,355.81288392749957,0.7268082591767255,0.44630590204669174,35.88737098342415,28.427203801768876,49.948684803664456,58.47149826372036,30.230735549164052
25.347679759519036,82.93745330661322,6.485291536450946,8.179836200498205,360.3486130590598,0.7887712521576496,0.4927805656737373,37.70190093161618,27.709516140716186,49.45485341894762,58.29080463284173,28.660212286466713
25.345365931863725,82.94271843687375,6.413170697960216,8.194195756922989,362.34294925638534,0.7634137962615888,0.4827835041966521,37.10555763032208,27.849478087597372,49.77566610888925,59.282715052720064,27.86238074034064
25.343052104208414,82.94798356713426,6.2004622609290445,8.197663663062214,358.51905960914644,0.7163296431619878,0.525934404303092,38.4757226269665,27.921312064709703,48.80589690736235,59.786201244751794,28.557695916496247
25.340738276553104,82.95324869739478,6.324233624894087,8.12044216122048,373.6943605570111,0.6967391767062701,0.49106993602918814,37.97510514201717,28.822404067784287,49.15625630970154,58.94444902660872,28.806869213314936
25.338424448897793,82.95851382765531,6.344177853949025,8.197201487371547,371.05554211903774,0.7354572174666467,0.48246685343223633,38.493919378828664,27.045846304800207,49.18839967667131,60.03944765881053,27.989384117965592
25.336110621242483,82.96377895791584,6.3039252518500035,8.170636661138309,368.2726771573576,0.7394646188152371,0.5053405258217729,37.61533435400696,28.177646387973713,50.53383742393313,59.854999353115005,27.270334372945463
25.333796793587172,82.96904408817635,6.3378539021874145,8.178916424590005,366.9561501989996,0.761354883017461,0.48685375504696915,38.11396981499075,27.87594272260636,49.329547504067705,58.48990174344294,27.99029286257767
25.331482965931862,82.97430921843687,6.236636614486299,8.256746907623565,366.5504185178843,0.7310099912203467,0.5312850488573521,38.42278011666153,28.16481531523423,51.600880265652535,60.22877978888905,27.63014164467308
25.32916913827655,82.9795743486974,6.156181684186021,8.14904630920393,364.24844734978336,0.7630150650590487,0.49201691038610673,39.67948793393558,27.690135862761135,50.1703167716105,60.67805680989487,26.571917294484674
25.32685531062124,82.98483947895791,6.239311694707273,8.232084369077254,368.9469700490038,0.8063252842008154,0.5258250687829584,40.54061217000896,27.94721128342999,48.69048081924389,59.98686026589949,27.06185575705697
25.32454148296593,82.99010460921843,6.052430212813524,8.188591800599081,370.1717823760547,0.7733362788731547,0.49605705766886715,38.75927737752935,28.263807186351894,49.778958168056526,61.13622520356697,27.155637871341725
25.32222765531062,82.99536973947896,5.904075210864448,8.188698616067803,364.5992899721918,0.7480291781807225,0.523659566435753,40.46968738727448,29.235585237553046,49.364196840785745,58.59923639056151,27.033569827749517
25.31991382765531,83.00063486973947,5.994198151129827,8.231587130444254,371.2497794096336,0.7445779044698644,0.5537633649372278,38.077320913548185,28.323545876592142,48.03181484663159,60.52319430118205,26.194858376204934
25.3176,83.0059,5.891594040268189,8.213602051782756,369.5596175527173,0.7399728097768866,0.5345773591242476,39.06259524718698,27.669747144818203,51.50233753431526,58.79120833322961,25.834420352955956
